gamma,bias,Derrida,avgK,medK,avgKe,medKe,avgKc,medKc,avgP
1.5,0.05,[0.252 0.266 0.306 0.301 0.245 0.254 0.281 0.286 0.344 0.277],[2.88 3.21 3.05 3.26 2.95 2.77 3.29 3.   3.2  3.06],[1. 2. 2. 2. 2. 1. 2. 2. 2. 1.],"[0.82992605 0.95224887 1.03474551 1.13994783 0.79693428 0.79103449
 1.11674624 0.9437966  0.99202745 1.0432195 ]",[0. 0. 0. 0. 0. 0. 0. 0. 0. 0.],"[0.57749685 0.69562778 0.69108096 0.83836213 0.54181953 0.54597346
 0.82914981 0.67275046 0.64763047 0.77055165]",[0. 0. 0. 0. 0. 0. 0. 0. 0. 0.],"[0.04928106 0.04894333 0.05066079 0.04924504 0.04956177 0.05084517
 0.05005273 0.04978093 0.05166691 0.05022914]"
1.5,0.1,[0.587 0.523 0.561 0.477 0.642 0.511 0.568 0.504 0.586 0.625],[3.33 3.07 2.95 2.85 3.48 2.51 2.91 2.73 3.27 3.55],[2. 1. 1. 2. 2. 1. 1. 2. 2. 2.],"[1.42080409 1.34285888 1.35072847 1.07954531 1.59467556 1.0121696
 1.40434619 1.09895047 1.40381435 1.60256038]",[1. 0. 0. 0. 0. 0. 0. 0. 0. 0.],"[0.80313807 0.78577942 0.77251069 0.59362673 0.970574   0.5076652
 0.81305286 0.58498563 0.82984463 0.97708065]",[0. 0. 0. 0. 0. 0. 0. 0. 0. 0.],"[0.10024281 0.09900342 0.09766504 0.10036231 0.09884661 0.10401835
 0.10048361 0.10114583 0.09942472 0.09904253]"
1.5,0.15000000000000002,[0.952 0.911 0.691 0.776 0.694 0.649 0.949 0.813 0.869 0.849],[3.38 3.31 2.87 3.05 2.77 2.58 3.41 3.11 3.53 3.32],[2.  2.  1.  2.  2.  1.5 2.  2.  2.  2. ],"[1.77971504 1.76957001 1.37405363 1.45958531 1.2393351  1.12491044
 1.83063276 1.58602209 1.86107622 1.72390608]",[1. 1. 0. 1. 1. 1. 1. 1. 1. 1.],"[0.8426374  0.88166291 0.69541593 0.70489048 0.55884682 0.44725907
 0.90866316 0.76895971 0.96277544 0.84464583]",[0. 0. 0. 0. 0. 0. 0. 0. 0. 0.],"[0.15184073 0.15049656 0.14765412 0.14850089 0.14531516 0.14551084
 0.15089568 0.1512273  0.15247242 0.15029718]"
1.5,0.2,[1.    0.947 1.053 0.924 0.984 0.987 0.842 1.028 0.924 0.958],[3.04 2.88 3.26 3.19 3.21 3.21 2.77 3.23 2.88 2.81],[2. 2. 2. 2. 2. 2. 1. 2. 2. 2.],"[1.70329253 1.59558369 1.84219704 1.72476756 1.77354831 1.7542646
 1.44867658 1.80593012 1.49187571 1.51200804]",[1. 1. 1. 1. 1. 1. 1. 1. 1. 1.],"[0.71745024 0.64428242 0.82492409 0.78411754 0.75907749 0.76359993
 0.61924055 0.79210993 0.58394114 0.56086058]",[0. 0. 0. 0. 0. 0. 0. 0. 0. 0.],"[0.19979355 0.1964711  0.20130933 0.20023209 0.20070877 0.19662124
 0.19869311 0.20221384 0.20400794 0.20083194]"
1.5,0.25,[1.299 1.142 1.224 1.161 1.247 1.13  1.186 1.257 1.436 1.008],[3.33 2.97 2.92 3.05 3.6  2.93 3.1  3.54 3.32 2.8 ],[2. 1. 2. 2. 2. 1. 2. 2. 2. 2.],"[2.0774311  1.82720273 1.80914472 1.79655881 2.20139037 1.76954845
 1.90575524 2.18646568 2.09824904 1.55195583]",[1.   1.   1.   1.   1.   1.   1.   1.   1.25 1.  ],"[0.79183295 0.67856381 0.63638349 0.64478268 0.90728576 0.66167797
 0.70966881 0.89868492 0.75089308 0.53392849]",[0.   0.   0.   0.   0.   0.   0.   0.   0.25 0.  ],"[0.25034752 0.24903367 0.24988229 0.24823357 0.24988828 0.25208487
 0.25237068 0.24954507 0.25203229 0.24610794]"
1.5,0.3,[1.261 1.391 1.287 1.259 1.325 1.286 1.406 1.305 1.426 1.082],[3.1  3.26 3.18 2.98 2.79 3.06 3.34 3.2  3.2  2.74],[2.  1.5 2.  2.  2.  1.  2.  2.  2.  2. ],"[1.93027215 2.15816578 1.95687421 1.84859235 1.82919649 1.97231365
 2.15863422 1.98937452 2.07826372 1.63091124]",[1.    1.    1.25  1.    1.    1.    1.    1.125 1.    1.   ],"[0.62102898 0.74434253 0.63869061 0.60152448 0.53202486 0.70638348
 0.73572651 0.65835645 0.69339434 0.53431212]",[0. 0. 0. 0. 0. 0. 0. 0. 0. 0.],"[0.29747564 0.30170103 0.29602052 0.30039337 0.30125677 0.29702731
 0.30433378 0.29889148 0.30024474 0.29865108]"
1.5,0.35000000000000003,[1.286 1.675 1.304 1.278 1.214 1.381 1.214 1.413 1.424 1.187],[2.9  3.71 2.81 2.98 2.91 3.13 2.58 3.18 3.1  2.99],[2.  2.  1.5 1.  1.  2.  1.  1.  1.  1. ],"[1.82808578 2.59338949 1.84972286 1.9787427  1.83268175 2.00715998
 1.66971688 2.14200271 2.06732684 1.83981645]",[1.   1.25 1.   1.   1.   1.   1.   1.   1.   1.  ],"[0.5437767  0.86809286 0.51430538 0.60315554 0.59429064 0.61859431
 0.44353036 0.68733474 0.65297503 0.59830705]",[0.   0.25 0.   0.   0.   0.   0.   0.   0.   0.  ],"[0.34682626 0.35016831 0.3486363  0.3481102  0.34955164 0.35206795
 0.35085    0.35497859 0.35159346 0.34915351]"
1.5,0.4,[1.619 1.189 1.324 1.703 1.561 1.383 1.516 1.366 1.671 1.164],[3.5  2.68 2.82 3.43 3.23 2.73 3.04 2.8  3.51 2.57],[2.  1.  1.  2.  2.  1.5 1.  1.5 2.  1.5],"[2.36715109 1.70538358 1.85894167 2.38184918 2.22261238 1.8323356
 2.11301619 1.84158347 2.44090632 1.57090795]",[1.25 1.   1.   1.   1.25 1.   1.   1.   1.   1.  ],"[0.71590536 0.45874906 0.50574831 0.72420574 0.65418953 0.47185464
 0.60556013 0.48432517 0.77616267 0.4088474 ]",[0.25  0.    0.    0.    0.125 0.    0.    0.    0.    0.   ],"[0.40427413 0.39835979 0.4        0.39898595 0.39995432 0.40601799
 0.39768415 0.40119797 0.40002652 0.40692724]"
1.5,0.45,[1.449 1.117 1.662 1.551 1.628 1.442 1.362 1.514 1.283 1.541],[3.08 2.23 3.26 3.11 3.33 2.91 2.68 2.86 2.66 3.25],[2.  1.  2.  2.  2.  1.5 2.  2.  1.5 2. ],"[2.10413091 1.39673698 2.28810433 2.11589896 2.27990814 1.95085771
 1.77398977 1.96916945 1.76641976 2.22444562]",[1.    1.    1.    1.125 1.    1.    1.    1.    1.    1.   ],"[0.60146734 0.29722526 0.63813057 0.57403861 0.67293243 0.53351396
 0.44023732 0.50912856 0.44721993 0.65005536]",[0. 0. 0. 0. 0. 0. 0. 0. 0. 0.],"[0.45020512 0.45578482 0.44985521 0.44830115 0.45266802 0.44841445
 0.45360312 0.44685247 0.4508227  0.44973509]"
1.6,0.05,[0.26  0.337 0.252 0.278 0.238 0.284 0.3   0.3   0.232 0.273],[3.06 3.2  2.84 2.84 3.26 3.04 3.16 2.98 2.28 2.85],[1. 2. 1. 2. 2. 2. 2. 1. 1. 1.],"[0.93358835 1.07112046 0.85418635 0.79394808 1.01449318 0.92457515
 1.02678404 1.03910192 0.64962899 0.92359552]",[0. 0. 0. 0. 0. 0. 0. 0. 0. 0.],"[0.67105905 0.75556199 0.5884344  0.53290438 0.75500344 0.64742671
 0.72663817 0.73646337 0.41699594 0.62872491]",[0. 0. 0. 0. 0. 0. 0. 0. 0. 0.],"[0.04994022 0.05089409 0.04900189 0.04966964 0.0495998  0.0493355
 0.04983444 0.04932509 0.04953234 0.04953649]"
1.6,0.1,[0.382 0.49  0.318 0.553 0.582 0.484 0.538 0.526 0.576 0.451],[2.56 3.11 2.17 2.98 3.23 2.63 3.07 3.23 2.89 2.49],[1.  1.  1.  1.  1.  1.  2.  1.5 2.  2. ],"[0.90311321 1.29696822 0.71442136 1.31906018 1.45022969 1.03807087
 1.25997008 1.36667533 1.24077671 0.94477481]",[0. 0. 0. 0. 0. 0. 0. 0. 0. 0.],"[0.49892864 0.81112838 0.3852197  0.7665675  0.87782979 0.56189167
 0.70581969 0.85520805 0.67784153 0.46220828]",[0. 0. 0. 0. 0. 0. 0. 0. 0. 0.],"[0.09950115 0.10060002 0.10058613 0.09964569 0.09994784 0.09932974
 0.09970128 0.10049431 0.09941239 0.09852498]"
1.6,0.15000000000000002,[0.833 0.672 0.545 0.765 0.645 0.726 0.889 0.8   0.774 0.727],[3.34 2.65 2.55 3.06 2.56 3.23 3.25 2.99 3.05 3.13],[2.  1.  1.  2.  1.  1.5 2.  2.  2.  2. ],"[1.60517667 1.2651472  1.08506336 1.55790131 1.16776276 1.58271383
 1.6882892  1.41855132 1.5250266  1.51008361]",[1. 0. 0. 1. 0. 0. 1. 1. 1. 0.],"[0.81545682 0.58893382 0.51349598 0.77146149 0.51302948 0.82656454
 0.81235903 0.66464995 0.75942601 0.73230101]",[0. 0. 0. 0. 0. 0. 0. 0. 0. 0.],"[0.14928446 0.15046924 0.14650021 0.1522143  0.15019725 0.14919528
 0.15192112 0.14842951 0.14990088 0.15061841]"
1.6,0.2,[0.753 0.992 0.796 0.692 1.012 0.89  0.973 1.106 0.705 0.755],[2.46 3.12 2.52 2.24 3.21 3.08 3.07 3.24 2.4  2.71],[2. 1. 1. 1. 1. 1. 1. 2. 1. 2.],"[1.20237399 1.70237962 1.22169415 1.03024676 1.86658087 1.68592129
 1.74507827 1.89675324 1.18159298 1.34699414]",[1. 1. 0. 0. 1. 1. 1. 1. 0. 1.],"[0.43807712 0.74594469 0.46259991 0.35969989 0.82814642 0.78454312
 0.75452407 0.81423615 0.47761349 0.55774365]",[0. 0. 0. 0. 0. 0. 0. 0. 0. 0.],"[0.20392377 0.19930545 0.19505631 0.19382783 0.20167452 0.19986708
 0.19759083 0.19641674 0.19987251 0.20012618]"
1.6,0.25,[0.924 0.933 1.151 1.355 0.994 1.222 1.047 1.276 1.381 1.078],[2.5  2.54 3.04 3.38 2.8  2.96 2.7  3.14 3.48 2.61],[1. 2. 2. 2. 2. 2. 2. 2. 2. 1.],"[1.42911295 1.40865584 1.75005408 2.10651279 1.58563477 1.85243256
 1.52671325 2.00212245 2.18229224 1.53040971]",[1.    1.    1.125 1.    1.    1.    1.    1.    1.25  1.   ],"[0.47750895 0.45614608 0.65369604 0.81004306 0.55121582 0.64923188
 0.48910338 0.7608108  0.85969702 0.49538041]",[0.   0.   0.   0.   0.   0.   0.   0.   0.25 0.  ],"[0.25261915 0.25258799 0.24769049 0.24785035 0.24928349 0.25404843
 0.24877169 0.24974133 0.25027831 0.2574465 ]"
1.6,0.3,[1.281 1.235 1.381 1.129 1.149 1.335 1.32  1.09  1.352 1.38 ],[2.96 3.01 3.08 2.61 2.9  3.02 3.11 2.46 3.2  3.31],[1.  1.  2.  1.  1.5 1.  2.  1.  2.  2. ],"[1.89201194 1.91645223 1.960509   1.57280096 1.76802461 1.94771574
 2.01701369 1.51680995 2.09963412 2.12918463]",[1.   1.   1.   1.   1.   1.   1.25 1.   1.25 1.  ],"[0.62688743 0.67731404 0.65293149 0.45641424 0.58662325 0.62796049
 0.65622023 0.44060145 0.68757785 0.74457465]",[0.   0.   0.   0.   0.   0.   0.   0.   0.25 0.  ],"[0.29948688 0.29867466 0.30103387 0.30461931 0.29993487 0.29917708
 0.29677063 0.30503533 0.30039755 0.30196073]"
1.6,0.35000000000000003,[1.307 1.324 1.163 1.431 1.303 1.363 1.005 1.588 1.106 1.13 ],[2.83 2.66 2.4  3.03 2.84 3.01 2.31 3.47 2.68 2.67],[2. 2. 1. 1. 2. 1. 1. 2. 1. 2.],"[1.79692374 1.77652443 1.51413476 2.0369392  1.79330419 2.01233464
 1.31520878 2.33261991 1.64659458 1.60445926]",[1. 1. 1. 1. 1. 1. 1. 1. 1. 1.],"[0.51800773 0.45394631 0.36723534 0.62155651 0.51148291 0.62925847
 0.33984745 0.76871671 0.5070023  0.44156436]",[0. 0. 0. 0. 0. 0. 0. 0. 0. 0.],"[0.34639435 0.35723951 0.35307593 0.34966399 0.34931744 0.34666334
 0.34301781 0.35167617 0.34612015 0.3524235 ]"
1.6,0.4,[1.595 1.245 1.534 1.469 1.299 1.153 1.416 1.124 1.682 1.315],[3.31 2.67 3.2  3.18 2.65 2.37 3.1  2.53 3.28 2.83],[1.5 1.  2.  1.  2.  2.  2.  1.  2.  1.5],"[2.30508909 1.75959251 2.13466949 2.18477918 1.69267714 1.50730093
 2.05882573 1.65533043 2.25085269 1.83390148]",[1.    1.    1.    1.    1.    1.125 1.    1.    1.25  1.   ],"[0.69652463 0.45873313 0.63621735 0.67995252 0.44646132 0.33960562
 0.61851506 0.43727134 0.64156314 0.51554699]",[0.   0.   0.   0.   0.   0.   0.   0.   0.25 0.  ],"[0.40070433 0.40231893 0.40223904 0.39606977 0.40041645 0.39228723
 0.40246783 0.40524049 0.40242371 0.3982004 ]"
1.6,0.45,[1.536 1.459 1.46  1.205 1.061 1.519 1.52  1.365 1.264 1.173],[3.07 2.93 3.15 2.35 2.33 3.09 3.12 2.73 2.85 2.56],[2.  1.  1.5 1.  1.  2.  2.  1.5 2.  1. ],"[2.10442665 2.05859301 2.11032788 1.57630173 1.5047245  2.09870519
 2.05176459 1.83560415 1.86209115 1.66920866]",[1. 1. 1. 1. 1. 1. 1. 1. 1. 1.],"[0.56801552 0.55288134 0.61114026 0.32229538 0.37104774 0.59203526
 0.59137946 0.44874624 0.50572885 0.41625578]",[0. 0. 0. 0. 0. 0. 0. 0. 0. 0.],"[0.45220386 0.45077389 0.44755585 0.45229879 0.44775416 0.45135711
 0.44710686 0.45168067 0.44807453 0.45282723]"
1.7000000000000002,0.05,[0.227 0.304 0.248 0.258 0.204 0.238 0.267 0.255 0.276 0.272],[2.48 2.79 2.93 2.51 2.28 2.1  2.54 2.4  2.7  2.47],[1.  1.5 1.5 1.5 1.  1.  1.  1.  1.  1. ],"[0.58406957 0.87849494 0.87558252 0.6453379  0.53531747 0.44997467
 0.73645297 0.65322151 0.80254542 0.71056252]",[0. 0. 0. 0. 0. 0. 0. 0. 0. 0.],"[0.35806371 0.59116644 0.63988184 0.38143165 0.31670664 0.22466217
 0.49230991 0.3961219  0.52972316 0.44504067]",[0. 0. 0. 0. 0. 0. 0. 0. 0. 0.],"[0.04853273 0.05109694 0.04786351 0.04956035 0.05002834 0.04340278
 0.05014999 0.05053806 0.05114648 0.05000745]"
1.7000000000000002,0.1,[0.427 0.326 0.467 0.507 0.398 0.539 0.56  0.45  0.671 0.357],[2.43 2.38 2.64 2.57 2.2  2.81 3.18 2.51 3.41 2.32],[1.  2.  1.  1.  1.  1.5 2.  1.  2.  1. ],"[0.8779858  0.70826184 1.03699084 1.12903559 0.83061692 1.16906111
 1.32536349 0.96623525 1.61397616 0.82298401]",[0. 0. 0. 0. 0. 0. 0. 0. 1. 0.],"[0.4187109  0.35669934 0.5792583  0.61248102 0.42216233 0.63658369
 0.76955294 0.52157156 0.94196383 0.4264801 ]",[0. 0. 0. 0. 0. 0. 0. 0. 0. 0.],"[0.09672409 0.0943843  0.09982083 0.09853903 0.09846595 0.09948299
 0.09965296 0.1025185  0.10033913 0.1009962 ]"
1.7000000000000002,0.15000000000000002,[0.65  0.714 0.605 0.697 0.645 0.77  0.699 0.731 0.613 0.734],[2.31 2.58 2.18 2.75 2.43 2.92 2.48 2.53 2.66 2.99],[1. 1. 1. 1. 1. 1. 1. 1. 1. 1.],"[1.05538049 1.25987468 0.99689191 1.36506989 1.1416395  1.40985899
 1.1908336  1.23946502 1.1476756  1.49890133]",[0.5 1.  0.  0.  0.  1.  1.  1.  0.  1. ],"[0.42156457 0.54461101 0.36771222 0.64883026 0.50719614 0.67360899
 0.51099229 0.51586394 0.56601056 0.74327389]",[0. 0. 0. 0. 0. 0. 0. 0. 0. 0.],"[0.14871247 0.15256072 0.16444579 0.14914566 0.15052438 0.14903256
 0.14749524 0.1522405  0.14839516 0.14890648]"
1.7000000000000002,0.2,[0.753 0.797 0.947 0.937 1.062 0.915 0.734 0.87  0.824 0.928],[2.45 2.61 2.86 2.75 3.04 2.97 2.44 2.38 2.55 3.12],[1. 2. 1. 2. 1. 2. 1. 1. 1. 2.],"[1.16170825 1.20011974 1.58669479 1.51431744 1.7592781  1.57492104
 1.20877791 1.25554951 1.33988386 1.63935136]",[1. 1. 1. 1. 1. 1. 1. 1. 1. 1.],"[0.40914356 0.43832287 0.65106002 0.60207196 0.74603225 0.64874917
 0.45896834 0.41182637 0.52014509 0.72882401]",[0. 0. 0. 0. 0. 0. 0. 0. 0. 0.],"[0.20101027 0.20238095 0.19760863 0.2009097  0.20081043 0.19404535
 0.20092343 0.19830263 0.20215086 0.19838663]"
1.7000000000000002,0.25,[1.02  1.314 0.961 0.992 1.094 0.929 1.011 0.892 0.862 1.075],[2.69 3.42 2.62 2.83 2.97 2.14 2.64 2.44 2.45 2.81],[1.  2.  1.5 1.  1.  1.  1.  1.  1.  1. ],"[1.54294594 2.09641152 1.43491885 1.66264401 1.78671997 1.2405285
 1.4973316  1.26686098 1.35663938 1.66326876]",[1. 1. 1. 1. 1. 1. 1. 1. 1. 1.],"[0.523964   0.83526894 0.49995242 0.64405026 0.64073853 0.33113885
 0.50584967 0.40264834 0.46432249 0.59712497]",[0. 0. 0. 0. 0. 0. 0. 0. 0. 0.],"[0.24924005 0.25294584 0.24834181 0.25102769 0.24897922 0.24783065
 0.25010591 0.249253   0.25061985 0.25062834]"
1.7000000000000002,0.3,[1.126 1.121 1.034 1.118 0.978 1.344 1.005 1.153 1.06  1.16 ],[2.72 2.34 2.38 2.47 2.55 2.71 2.38 2.57 2.6  2.79],[1. 1. 1. 1. 1. 1. 1. 1. 1. 1.],"[1.70540815 1.4533684  1.47515507 1.50587901 1.46809627 1.80083258
 1.40094655 1.6089343  1.57766243 1.70574789]",[1. 1. 1. 1. 1. 1. 1. 1. 1. 1.],"[0.56195722 0.38755541 0.44388004 0.45674021 0.50047359 0.53378668
 0.43128102 0.47507993 0.49459481 0.56314535]",[0. 0. 0. 0. 0. 0. 0. 0. 0. 0.],"[0.29701352 0.30048472 0.29977011 0.29999347 0.30102203 0.29832016
 0.30010713 0.30289412 0.29891304 0.29901117]"
1.7000000000000002,0.35000000000000003,[1.02  1.283 1.108 1.309 1.276 0.979 1.131 1.035 1.266 1.23 ],[2.33 2.79 2.28 2.81 2.69 2.28 2.57 2.2  2.79 2.63],[1.  1.  1.  1.  1.  1.  1.5 1.  1.  1. ],"[1.29154667 1.79433478 1.4136854  1.8296958  1.77623419 1.35263557
 1.50842859 1.3659082  1.79414791 1.67179357]",[1. 1. 1. 1. 1. 1. 1. 1. 1. 1.],"[0.2978748  0.51897102 0.33772593 0.56100135 0.50129278 0.35618537
 0.4113363  0.33556641 0.54600826 0.45630529]",[0. 0. 0. 0. 0. 0. 0. 0. 0. 0.],"[0.33116279 0.35039229 0.35111771 0.34971695 0.35334868 0.34538571
 0.34863551 0.34876379 0.35252554 0.34992875]"
1.7000000000000002,0.4,[1.213 1.357 1.305 1.395 1.336 1.208 1.233 1.145 1.264 1.055],[2.54 2.65 2.68 2.91 2.74 2.36 2.36 2.33 2.51 2.39],[1. 1. 1. 1. 1. 1. 1. 1. 1. 1.],"[1.6425276  1.84004107 1.75440753 1.94868563 1.83206707 1.48396111
 1.5676105  1.49615492 1.66056474 1.44684662]",[1. 1. 1. 1. 1. 1. 1. 1. 1. 1.],"[0.4197151  0.4569063  0.46788409 0.55064852 0.50378033 0.34398248
 0.3545148  0.3403932  0.41575029 0.36460052]",[0. 0. 0. 0. 0. 0. 0. 0. 0. 0.],"[0.40165725 0.40372441 0.40415953 0.40373853 0.39973195 0.39573436
 0.39782784 0.39980658 0.40104083 0.40074442]"
1.7000000000000002,0.45,[1.37  1.115 1.366 1.218 1.273 1.235 1.451 1.176 1.16  1.442],[2.81 2.21 2.57 2.28 2.54 2.58 2.61 2.43 2.25 2.93],[1. 1. 1. 1. 1. 1. 2. 1. 1. 1.],"[1.83147228 1.42668898 1.73376383 1.52915868 1.66194168 1.64567155
 1.79468657 1.5516138  1.50066132 1.96943487]",[1. 1. 1. 1. 1. 1. 1. 1. 1. 1.],"[0.49921642 0.28961866 0.43714517 0.30367284 0.39249344 0.42660905
 0.40834624 0.35674319 0.35297089 0.5326795 ]",[0. 0. 0. 0. 0. 0. 0. 0. 0. 0.],"[0.45487405 0.45504732 0.45473865 0.44486983 0.44454601 0.4502893
 0.45389049 0.45216734 0.45353087 0.45366061]"
1.8000000000000003,0.05,[0.254 0.241 0.235 0.31  0.259 0.252 0.236 0.272 0.216 0.287],[2.54 2.66 2.54 2.99 3.1  2.59 2.68 2.46 2.35 2.67],[1. 2. 1. 1. 1. 1. 1. 1. 1. 2.],"[0.69030966 0.73755645 0.75092544 1.07326123 1.03364139 0.73442474
 0.77158459 0.67965466 0.57404872 0.78967182]",[0. 0. 0. 0. 0. 0. 0. 0. 0. 0.],"[0.4510079  0.48512237 0.4987648  0.78233349 0.7494672  0.48353729
 0.54530712 0.43688977 0.3432162  0.5128426 ]",[0. 0. 0. 0. 0. 0. 0. 0. 0. 0.],"[0.05053961 0.04992286 0.04875855 0.05033083 0.0491428  0.0497971
 0.04960847 0.0497358  0.05068871 0.05024565]"
1.8000000000000003,0.1,[0.53  0.458 0.537 0.376 0.428 0.435 0.39  0.405 0.413 0.583],[2.59 2.32 2.26 2.04 2.25 2.22 2.   2.56 2.33 2.69],[2. 1. 1. 1. 1. 1. 1. 1. 1. 1.],"[0.9933666  0.89036107 0.90077099 0.62836545 0.80989519 0.78724489
 0.67821581 1.02031621 0.82243583 1.16318321]",[0. 0. 0. 0. 0. 0. 0. 0. 0. 1.],"[0.48334707 0.44579564 0.39759228 0.27254269 0.41648271 0.37155153
 0.2913164  0.6006635  0.40509208 0.5835714 ]",[0. 0. 0. 0. 0. 0. 0. 0. 0. 0.],"[0.09748971 0.0985362  0.10072191 0.09933907 0.09955384 0.10444778
 0.10366673 0.09977801 0.10480396 0.09852679]"
1.8000000000000003,0.15000000000000002,[0.703 0.584 0.562 0.782 0.839 0.533 0.406 0.524 0.68  0.622],[2.38 2.25 2.46 2.75 2.95 2.33 2.04 2.17 2.72 2.21],[1. 1. 1. 1. 2. 1. 1. 1. 1. 1.],"[1.12357141 0.94292008 1.07906919 1.40859367 1.48053239 0.96251848
 0.75302654 0.89911221 1.25262654 1.00839555]",[1. 0. 0. 1. 1. 0. 0. 0. 0. 0.],"[0.43758264 0.38207047 0.47359067 0.64525382 0.69739335 0.41677446
 0.29952068 0.36384854 0.577123   0.37362992]",[0. 0. 0. 0. 0. 0. 0. 0. 0. 0.],"[0.14731405 0.15327876 0.14642097 0.15096096 0.15077046 0.15074627
 0.14898012 0.15457875 0.14980175 0.1590276 ]"
1.8000000000000003,0.2,[0.79  0.963 0.623 0.734 0.666 0.644 0.704 0.742 0.65  0.737],[2.32 3.11 2.01 2.25 2.26 2.   2.25 2.21 2.18 2.19],[1. 1. 1. 1. 1. 1. 1. 1. 1. 1.],"[1.20176542 1.70881172 0.90309256 1.1329231  1.06033293 0.91006713
 1.10069865 1.11390997 1.01001449 1.06892749]",[1.  1.  0.  1.  0.  1.  0.  0.5 0.  1. ],"[0.42948026 0.73550057 0.28179861 0.37459302 0.39883086 0.25881713
 0.40340128 0.3736756  0.40111251 0.34547168]",[0. 0. 0. 0. 0. 0. 0. 0. 0. 0.],"[0.19778385 0.20137727 0.20156781 0.2003101  0.19934774 0.20175439
 0.2001058  0.19801759 0.19556204 0.20100503]"
1.8000000000000003,0.25,[1.051 0.942 0.783 0.899 1.192 1.017 0.77  0.885 0.956 1.022],[2.84 2.4  2.2  2.1  3.04 2.49 1.84 2.15 2.37 2.4 ],[2. 1. 1. 1. 2. 2. 1. 1. 1. 1.],"[1.61274196 1.4180324  1.1674774  1.23299345 1.85383298 1.37690855
 0.95783944 1.19047715 1.29343367 1.42291878]",[1. 1. 1. 1. 1. 1. 1. 1. 1. 1.],"[0.57840602 0.48410662 0.38203612 0.34643705 0.66134275 0.43043394
 0.20333748 0.31348558 0.37893172 0.42726631]",[0. 0. 0. 0. 0. 0. 0. 0. 0. 0.],"[0.24593645 0.24844799 0.24894525 0.25018567 0.24942508 0.24618797
 0.25803213 0.24763859 0.25174825 0.24706719]"
1.8000000000000003,0.3,[1.065 0.726 0.952 0.761 0.921 1.063 1.075 1.137 0.913 1.136],[2.47 1.95 2.22 1.92 2.37 2.56 2.4  2.61 2.18 2.56],[1. 1. 1. 1. 1. 1. 1. 1. 1. 1.],"[1.53225635 0.99346843 1.27072835 1.03597521 1.3864454  1.50503037
 1.46122158 1.57982769 1.26144625 1.56210237]",[1.  0.5 1.  1.  1.  1.  1.  1.  1.  1. ],"[0.47357715 0.24181377 0.35052815 0.26681017 0.39802743 0.46908859
 0.42569423 0.4934013  0.3468564  0.44934602]",[0. 0. 0. 0. 0. 0. 0. 0. 0. 0.],"[0.30085653 0.30021336 0.29999119 0.30057602 0.29962642 0.29982243
 0.30138881 0.30084441 0.29885787 0.30099158]"
1.8000000000000003,0.35000000000000003,[1.026 1.047 1.102 1.212 1.112 1.173 1.072 1.194 1.046 1.147],[2.33 2.16 2.43 2.51 2.36 2.66 2.4  2.47 2.33 2.53],[1. 1. 1. 1. 1. 2. 2. 1. 1. 1.],"[1.39309181 1.36810263 1.5192005  1.6263855  1.52782327 1.66881906
 1.42428178 1.54840177 1.42217431 1.55445331]",[1. 1. 1. 1. 1. 1. 1. 1. 1. 1.],"[0.35927346 0.3332424  0.39149543 0.4289978  0.38066262 0.45288949
 0.36018999 0.44272855 0.3397329  0.43546161]",[0. 0. 0. 0. 0. 0. 0. 0. 0. 0.],"[0.35210633 0.35083953 0.35483464 0.35242308 0.34894678 0.35055251
 0.3388403  0.34702641 0.34904044 0.34958704]"
1.8000000000000003,0.4,[1.435 1.006 1.032 1.294 0.995 1.194 1.335 1.337 1.339 1.016],[3.02 2.14 2.44 2.59 1.96 2.57 2.39 2.68 2.65 2.25],[2.  1.  1.5 1.  1.  1.  1.  1.  1.  1. ],"[1.96338075 1.27750161 1.45325143 1.71470541 1.20420953 1.64727894
 1.61475491 1.84229184 1.76935924 1.34590372]",[1. 1. 1. 1. 1. 1. 1. 1. 1. 1.],"[0.58359316 0.2838981  0.36624399 0.40599691 0.24072076 0.43360707
 0.37983059 0.50576108 0.44414928 0.32159464]",[0. 0. 0. 0. 0. 0. 0. 0. 0. 0.],"[0.40260262 0.40903756 0.40016442 0.39977041 0.40256521 0.40367232
 0.4002577  0.39790569 0.40284035 0.40225926]"
1.8000000000000003,0.45,[1.199 1.186 1.217 1.013 1.266 1.157 1.386 1.344 1.248 1.187],[2.56 2.4  2.3  2.06 2.7  2.27 2.66 2.85 2.28 2.46],[1. 1. 1. 1. 1. 1. 1. 2. 1. 1.],"[1.68082523 1.5130786  1.5768093  1.35936056 1.7436291  1.51088372
 1.82216206 1.88615515 1.52637442 1.55451362]",[1. 1. 1. 1. 1. 1. 1. 1. 1. 1.],"[0.43874759 0.34886046 0.34542502 0.27644308 0.44903194 0.34155755
 0.45639302 0.52095739 0.36418936 0.37695503]",[0. 0. 0. 0. 0. 0. 0. 0. 0. 0.],"[0.44820898 0.45203325 0.44773493 0.44907487 0.44881574 0.44169492
 0.4529775  0.4548553  0.45033097 0.44372431]"
1.9000000000000004,0.05,[0.114 0.253 0.195 0.193 0.256 0.195 0.277 0.234 0.243 0.162],[1.79 2.01 2.39 2.34 2.61 2.22 2.15 2.44 2.39 1.93],[1. 1. 1. 1. 1. 1. 1. 1. 1. 1.],"[0.29318584 0.47814548 0.64235763 0.47509273 0.73429235 0.48378508
 0.5841141  0.71674017 0.69673423 0.38688999]",[0. 0. 0. 0. 0. 0. 0. 0. 0. 0.],"[0.16344952 0.23623142 0.45483078 0.29625484 0.48746496 0.28599944
 0.31332918 0.47908331 0.45284324 0.2230936 ]",[0. 0. 0. 0. 0. 0. 0. 0. 0. 0.],"[0.0472326  0.05032318 0.04818314 0.05076603 0.04949709 0.04987234
 0.05150277 0.05027609 0.05108946 0.04945848]"
1.9000000000000004,0.1,[0.433 0.403 0.53  0.429 0.352 0.272 0.346 0.398 0.37  0.428],[2.32 2.28 2.54 2.6  2.39 1.92 2.11 2.31 1.89 2.04],[1. 1. 1. 1. 1. 1. 1. 1. 1. 1.],"[0.85788952 0.79929956 1.05644981 1.02516486 0.80488038 0.49113846
 0.60616247 0.82284357 0.65097673 0.79314531]",[0. 0. 0. 0. 0. 0. 0. 0. 0. 0.],"[0.45860058 0.3889773  0.53240013 0.57607551 0.43791994 0.22813065
 0.25741247 0.41453791 0.25285173 0.36405351]",[0. 0. 0. 0. 0. 0. 0. 0. 0. 0.],"[0.09907702 0.099418   0.10115187 0.10183216 0.09685055 0.09100877
 0.08780488 0.10064378 0.11028461 0.09892368]"
1.9000000000000004,0.15000000000000002,[0.691 0.653 0.655 0.427 0.616 0.516 0.472 0.678 0.618 0.574],[2.27 2.03 2.44 1.67 2.4  2.02 2.14 2.71 2.43 2.45],[1. 1. 1. 1. 1. 1. 1. 1. 1. 1.],"[1.06719214 0.96563151 1.13408288 0.50962503 1.00303701 0.82708647
 0.85005528 1.31574136 1.06685396 1.03766472]",[0. 1. 0. 0. 0. 0. 0. 0. 0. 0.],"[0.42992651 0.30005534 0.48004967 0.11716409 0.4381542  0.32430144
 0.37394688 0.63585367 0.46377291 0.48361137]",[0. 0. 0. 0. 0. 0. 0. 0. 0. 0.],"[0.15291013 0.16087444 0.15069996 0.1500994  0.14710009 0.14739161
 0.14728294 0.1475883  0.14573958 0.15179672]"
1.9000000000000004,0.2,[0.423 0.658 0.773 0.66  0.697 0.752 0.636 0.669 0.665 0.831],[1.83 2.09 2.3  1.96 2.25 2.08 2.23 2.22 2.09 2.59],[1. 1. 1. 1. 1. 1. 1. 1. 1. 1.],"[0.60174133 1.0502533  1.14393612 0.9138564  1.10847154 1.06414335
 1.0533985  1.08899408 1.00304279 1.37678276]",[0.  0.5 1.  0.5 0.  1.  0.  0.  1.  0.5],"[0.16349914 0.3653412  0.39450252 0.26684224 0.40911851 0.33224882
 0.3903974  0.38100579 0.33198078 0.55969719]",[0. 0. 0. 0. 0. 0. 0. 0. 0. 0.],"[0.18037383 0.20230402 0.19935308 0.19418267 0.20613164 0.20896071
 0.19956842 0.19986373 0.20061951 0.1989195 ]"
1.9000000000000004,0.25,[0.829 1.006 0.77  0.754 0.953 0.981 1.023 0.786 0.909 0.803],[2.12 2.66 2.24 2.13 2.12 2.76 2.36 2.25 2.43 2.26],[1. 1. 1. 1. 1. 1. 1. 1. 1. 1.],"[1.17569919 1.62344551 1.13780971 1.07214652 1.22428029 1.5693463
 1.45206012 1.15620051 1.34236834 1.20137735]",[1. 1. 0. 1. 1. 1. 1. 1. 1. 1.],"[0.33625155 0.57803962 0.36098354 0.30757194 0.26924122 0.59021361
 0.44234577 0.36220637 0.45311846 0.3958671 ]",[0. 0. 0. 0. 0. 0. 0. 0. 0. 0.],"[0.25048882 0.24876511 0.25183928 0.24611413 0.25330579 0.24809938
 0.24691306 0.24612711 0.24936099 0.25319749]"
1.9000000000000004,0.3,[0.791 1.029 0.837 0.738 0.87  0.953 1.158 1.023 0.931 1.048],[2.14 2.34 2.14 1.88 2.05 2.15 2.43 2.44 1.97 2.49],[1. 1. 1. 1. 1. 1. 1. 1. 1. 1.],"[1.12332083 1.39157997 1.16205185 0.99235167 1.1443243  1.27287051
 1.59998989 1.50848772 1.1733059  1.49568817]",[1. 1. 1. 1. 1. 1. 1. 1. 1. 1.],"[0.29546927 0.41462685 0.28211044 0.23863097 0.2889532  0.32772891
 0.47173794 0.45249346 0.26663598 0.44148773]",[0. 0. 0. 0. 0. 0. 0. 0. 0. 0.],"[0.2908472  0.30123008 0.29589952 0.30330634 0.30807906 0.29534213
 0.29948623 0.29806418 0.29118845 0.29919996]"
1.9000000000000004,0.35000000000000003,[1.098 1.074 0.935 1.151 1.059 0.941 0.931 0.999 0.936 1.006],[2.46 2.25 1.94 2.68 2.25 2.05 2.19 2.25 2.2  2.21],[1. 1. 1. 1. 1. 1. 1. 1. 1. 1.],"[1.51164117 1.43604356 1.20412341 1.67416489 1.39379301 1.25730958
 1.28017052 1.33392434 1.33925407 1.34882846]",[1. 1. 1. 1. 1. 1. 1. 1. 1. 1.],"[0.40333307 0.33372605 0.25329333 0.51325181 0.34096342 0.29281495
 0.31865196 0.36511269 0.355158   0.32130893]",[0. 0. 0. 0. 0. 0. 0. 0. 0. 0.],"[0.35125676 0.35139878 0.35565685 0.34693374 0.34652839 0.34975444
 0.35784929 0.34991947 0.35147048 0.35268966]"
1.9000000000000004,0.4,[0.99  1.085 1.014 1.389 1.115 0.896 1.101 1.361 1.158 1.143],[2.27 2.05 2.08 2.8  2.4  2.11 2.34 2.74 2.24 2.34],[1. 1. 1. 1. 1. 1. 1. 1. 1. 1.],"[1.38515149 1.34089813 1.32010283 1.88027085 1.48867941 1.22196548
 1.49021213 1.82514934 1.43008766 1.50887528]",[1. 1. 1. 1. 1. 1. 1. 1. 1. 1.],"[0.32578869 0.26575592 0.29822051 0.51689988 0.37703085 0.28658462
 0.37689304 0.49843548 0.32905494 0.3543245 ]",[0. 0. 0. 0. 0. 0. 0. 0. 0. 0.],"[0.39856541 0.40569609 0.40019299 0.40284725 0.40697057 0.39947118
 0.40117973 0.39617463 0.4048653  0.39995761]"
1.9000000000000004,0.45,[1.22  0.99  1.223 1.188 1.226 1.192 1.031 1.137 1.232 1.313],[2.34 1.96 2.41 2.56 2.5  2.32 2.03 2.3  2.25 2.66],[1. 1. 1. 1. 1. 1. 1. 1. 1. 1.],"[1.55690652 1.24410968 1.56487024 1.67216713 1.63105038 1.50061432
 1.27051761 1.5112993  1.49310058 1.7724663 ]",[1. 1. 1. 1. 1. 1. 1. 1. 1. 1.],"[0.39008829 0.21118    0.36199853 0.42954017 0.42318417 0.34365875
 0.25467044 0.33424364 0.33807128 0.46727098]",[0. 0. 0. 0. 0. 0. 0. 0. 0. 0.],"[0.45052548 0.45558376 0.44954654 0.45140706 0.44793802 0.45349749
 0.4444998  0.45060997 0.4571835  0.44868637]"
2.0000000000000004,0.05,[0.173 0.23  0.27  0.076 0.291 0.231 0.185 0.187 0.221 0.263],[2.04 2.36 1.97 1.71 2.47 2.26 1.97 2.36 2.53 2.36],[1. 1. 1. 1. 1. 1. 1. 1. 1. 1.],"[0.4390434  0.60312215 0.45980116 0.18230305 0.7523224  0.59185609
 0.40316733 0.62989459 0.74962683 0.74169076]",[0. 0. 0. 0. 0. 0. 0. 0. 0. 0.],"[0.27185345 0.37919881 0.22862929 0.1099593  0.48731691 0.37278505
 0.2018392  0.41266803 0.51705542 0.49215036]",[0. 0. 0. 0. 0. 0. 0. 0. 0. 0.],"[0.05135537 0.0503044  0.04430693 0.03348214 0.04976489 0.04992831
 0.04126984 0.04933475 0.04937217 0.05014452]"
2.0000000000000004,0.1,[0.271 0.352 0.243 0.381 0.39  0.229 0.425 0.51  0.349 0.316],[1.79 1.91 1.82 2.01 1.96 1.53 2.14 2.08 2.16 1.61],[1. 1. 1. 1. 1. 1. 1. 1. 1. 1.],"[0.44465278 0.57336693 0.42427351 0.67480413 0.61390315 0.35161678
 0.76690536 0.82846116 0.74725659 0.44732828]",[0. 0. 0. 0. 0. 0. 0. 0. 0. 0.],"[0.18845405 0.24387474 0.16927351 0.30530462 0.21890315 0.1191949
 0.35232528 0.35470872 0.38602124 0.12920328]",[0. 0. 0. 0. 0. 0. 0. 0. 0. 0.],"[0.09457093 0.09894992 0.08711434 0.09907704 0.10463122 0.10349403
 0.10318326 0.09887026 0.10117126 0.10983607]"
2.0000000000000004,0.15000000000000002,[0.446 0.59  0.54  0.641 0.656 0.708 0.695 0.418 0.482 0.557],[1.87 1.98 1.89 2.3  2.3  2.64 2.66 1.89 1.8  1.9 ],[1. 1. 1. 1. 1. 1. 1. 1. 1. 1.],"[0.63947573 0.86153649 0.8202511  1.15985586 1.09839262 1.27952476
 1.27816048 0.72025167 0.70017372 0.78247346]",[0.  0.5 0.  1.  0.  0.  0.  0.  0.  0. ],"[0.20900698 0.27204919 0.26142542 0.49839651 0.44902738 0.57483238
 0.5989631  0.25802511 0.21428505 0.23598908]",[0. 0. 0. 0. 0. 0. 0. 0. 0. 0.],"[0.15279429 0.15281674 0.15061336 0.14939551 0.14876331 0.15209096
 0.14916001 0.15566366 0.14118457 0.14232673]"
2.0000000000000004,0.2,[0.654 0.702 0.551 0.763 0.59  0.667 0.562 0.781 0.723 0.786],[2.15 2.41 1.67 2.37 1.88 2.03 1.99 2.09 2.22 2.53],[1. 1. 1. 1. 1. 1. 1. 1. 1. 1.],"[0.98113228 1.12522108 0.74732223 1.17162143 0.84868936 0.98610734
 0.83877545 1.07341471 1.10782625 1.30201951]",[0.  0.5 0.  1.  0.  0.  0.  1.  0.  1. ],"[0.34150338 0.42452772 0.19058395 0.42460483 0.24087686 0.33019853
 0.2445567  0.32832682 0.4065787  0.51680222]",[0. 0. 0. 0. 0. 0. 0. 0. 0. 0.],"[0.20038136 0.19550706 0.19484601 0.20137092 0.21340888 0.20168476
 0.18779715 0.20836237 0.19911602 0.20126477]"
2.0000000000000004,0.25,[0.706 0.729 0.729 0.751 0.786 0.725 0.681 0.684 0.864 1.104],[1.78 2.12 2.13 1.84 2.11 1.88 1.86 1.81 2.41 2.89],[1.  1.  1.  1.  1.  1.  1.  1.  1.  1.5],"[0.89129733 1.04617739 1.06848887 1.01404809 1.12312262 0.98437581
 0.90958056 0.8527947  1.29546193 1.78219783]",[1. 1. 1. 1. 1. 1. 1. 1. 1. 1.],"[0.20470554 0.3116852  0.33962168 0.25612817 0.31314216 0.23100667
 0.22148486 0.18697439 0.41925587 0.62929439]",[0. 0. 0. 0. 0. 0. 0. 0. 0. 0.],"[0.26057692 0.25032552 0.2521714  0.25009276 0.24891054 0.25347759
 0.2446868  0.2444062  0.24796919 0.24811781]"
2.0000000000000004,0.3,[0.936 0.857 0.763 0.831 0.708 0.958 0.912 0.717 1.014 0.758],[2.22 2.11 1.75 2.02 1.73 2.27 1.98 1.68 2.37 1.84],[1. 1. 1. 1. 1. 1. 1. 1. 1. 1.],"[1.32676922 1.10155343 1.01390206 1.09767511 0.92413357 1.33909291
 1.17830005 0.89962844 1.44587903 1.00061898]",[1. 1. 1. 1. 1. 1. 1. 1. 1. 1.],"[0.33003887 0.28815255 0.19785714 0.26243097 0.17817654 0.37978688
 0.28180103 0.19749892 0.41966504 0.22889046]",[0. 0. 0. 0. 0. 0. 0. 0. 0. 0.],"[0.29861638 0.3051854  0.30231225 0.31174229 0.29879427 0.29692082
 0.29129863 0.29883365 0.30185661 0.29848401]"
2.0000000000000004,0.35000000000000003,[1.025 0.86  0.805 0.731 0.967 0.935 1.105 1.061 0.9   1.092],[1.91 1.94 1.84 1.69 1.98 2.05 2.28 2.29 1.96 2.38],[1. 1. 1. 1. 1. 1. 1. 1. 1. 1.],"[1.1695744  1.12876709 1.09798404 0.94913287 1.2308583  1.25223827
 1.47319551 1.4169928  1.17493496 1.45905104]",[1. 1. 1. 1. 1. 1. 1. 1. 1. 1.],"[0.20547284 0.26068238 0.25285709 0.17430377 0.26019424 0.2983131
 0.33503145 0.35987244 0.26622403 0.41588393]",[0. 0. 0. 0. 0. 0. 0. 0. 0. 0.],"[0.35335335 0.35072402 0.34917117 0.35202043 0.34954658 0.34340075
 0.34691238 0.35085748 0.34291549 0.3514359 ]"
2.0000000000000004,0.4,[0.958 0.835 1.009 0.956 0.962 0.81  1.146 1.101 0.975 0.937],[2.01 1.89 2.17 1.85 1.95 1.85 2.48 2.15 2.11 1.93],[1. 1. 1. 1. 1. 1. 1. 1. 1. 1.],"[1.23806853 1.01514556 1.35856674 1.17587906 1.10142714 1.08878185
 1.56181789 1.40841619 1.33145512 1.12762708]",[1. 1. 1. 1. 1. 1. 1. 1. 1. 1.],"[0.25599821 0.20068267 0.31397994 0.19697281 0.23153945 0.21585217
 0.39641994 0.29100408 0.29912235 0.20657239]",[0. 0. 0. 0. 0. 0. 0. 0. 0. 0.],"[0.39646739 0.40840841 0.40285293 0.40510949 0.4004548  0.39416847
 0.39849359 0.40212578 0.4002585  0.40878828]"
2.0000000000000004,0.45,[1.061 1.119 1.146 1.121 1.077 0.983 1.085 0.903 1.061 1.212],[2.13 2.35 2.48 2.09 2.29 1.86 2.2  1.81 2.01 2.4 ],[1. 1. 1. 1. 1. 1. 1. 1. 1. 1.],"[1.295545   1.50941113 1.60504588 1.37719843 1.44584062 1.20489734
 1.39328748 1.08962298 1.25815808 1.61491338]",[1. 1. 1. 1. 1. 1. 1. 1. 1. 1.],"[0.25781063 0.38038891 0.41792186 0.27695673 0.34796098 0.19099109
 0.3386543  0.18808245 0.23390026 0.38049688]",[0. 0. 0. 0. 0. 0. 0. 0. 0. 0.],"[0.44329184 0.45372689 0.4508797  0.45180954 0.44900749 0.45150659
 0.44966141 0.45255304 0.46486928 0.45081254]"
2.1000000000000005,0.05,[0.164 0.159 0.159 0.203 0.14  0.199 0.175 0.21  0.115 0.239],[1.96 1.73 1.78 1.8  2.02 1.74 1.94 2.   1.76 2.1 ],[1. 1. 1. 1. 1. 1. 1. 1. 1. 1.],"[0.37087256 0.37349974 0.35098015 0.35865058 0.39898842 0.36050141
 0.33715902 0.56781141 0.33177645 0.59554221]",[0. 0. 0. 0. 0. 0. 0. 0. 0. 0.],"[0.21904395 0.2016223  0.16553093 0.16271308 0.26342201 0.15799226
 0.1711727  0.35041517 0.21191317 0.34775901]",[0. 0. 0. 0. 0. 0. 0. 0. 0. 0.],"[0.05019072 0.04872354 0.05481121 0.05422446 0.05061429 0.04858167
 0.04763201 0.05111204 0.0495153  0.0543162 ]"
2.1000000000000005,0.1,[0.417 0.503 0.369 0.375 0.386 0.367 0.384 0.375 0.423 0.293],[2.06 2.25 1.92 2.22 2.34 1.79 2.11 1.97 2.07 1.9 ],[1. 1. 1. 1. 2. 1. 1. 1. 1. 1.],"[0.86491319 0.92083955 0.65267838 0.75807396 0.81158116 0.56471393
 0.79680155 0.58765247 0.69538251 0.5759886 ]",[0. 0. 0. 0. 0. 0. 0. 0. 0. 0.],"[0.41796251 0.45667451 0.27070572 0.36530785 0.39505894 0.20467487
 0.39785624 0.24888783 0.30548504 0.2761302 ]",[0. 0. 0. 0. 0. 0. 0. 0. 0. 0.],"[0.09972617 0.09845936 0.10761724 0.10108759 0.09786635 0.08754209
 0.09819105 0.09323764 0.09855541 0.09397226]"
2.1000000000000005,0.15000000000000002,[0.466 0.603 0.555 0.542 0.507 0.44  0.432 0.533 0.555 0.45 ],[1.78 2.28 2.09 2.19 1.71 1.98 1.66 2.24 2.   1.75],[1. 1. 1. 1. 1. 1. 1. 1. 1. 1.],"[0.66565667 0.98131459 0.95263464 0.92232649 0.63452366 0.70706649
 0.59560083 0.88242978 0.80981695 0.61184204]",[0. 0. 0. 0. 0. 0. 0. 0. 0. 0.],"[0.18007073 0.40795338 0.37074988 0.38371321 0.17096897 0.25690047
 0.14935083 0.33877744 0.27505133 0.17418579]",[0. 0. 0. 0. 0. 0. 0. 0. 0. 0.],"[0.15817536 0.14901702 0.14871504 0.14490125 0.15585384 0.15351689
 0.14162562 0.14552393 0.14018043 0.14397906]"
2.1000000000000005,0.2,[0.765 0.543 0.568 0.642 0.493 0.724 0.588 0.609 0.632 0.67 ],[2.39 1.78 1.88 2.06 1.8  2.06 1.89 1.91 1.9  1.91],[1. 1. 1. 1. 1. 1. 1. 1. 1. 1.],"[1.26768753 0.75836196 0.84208208 0.97431996 0.75374756 0.99402623
 0.85006246 0.87083493 0.83870843 0.89107432]",[1. 0. 0. 0. 0. 1. 0. 0. 0. 0.],"[0.48704117 0.21725845 0.28842547 0.32120411 0.24264404 0.29566198
 0.26438863 0.25799558 0.25458734 0.25879405]",[0. 0. 0. 0. 0. 0. 0. 0. 0. 0.],"[0.20030355 0.19068128 0.2013337  0.20156834 0.20240932 0.19845304
 0.20441389 0.19679947 0.19531996 0.19263   ]"
2.1000000000000005,0.25,[0.747 0.89  0.631 0.772 0.782 0.8   0.845 0.755 0.733 0.734],[1.88 2.16 1.62 2.04 2.16 2.19 2.2  2.2  2.05 2.02],[1. 1. 1. 1. 1. 1. 1. 1. 1. 1.],"[1.01613291 1.25674104 0.8106812  1.05349568 1.13405947 1.21448579
 1.23060412 1.15008914 1.07346804 0.99405256]",[1.  1.  1.  1.  1.  1.  1.  0.5 1.  0. ],"[0.22996104 0.35736848 0.15469488 0.31029255 0.33394228 0.40156709
 0.38139758 0.35519901 0.30873172 0.28895673]",[0. 0. 0. 0. 0. 0. 0. 0. 0. 0.],"[0.25665399 0.24964337 0.25978766 0.24451689 0.2530755  0.24650318
 0.25316539 0.24953196 0.24036014 0.24889961]"
2.1000000000000005,0.3,[0.795 0.853 0.677 1.101 0.724 0.89  0.772 0.776 0.761 0.884],[1.82 1.9  1.68 2.61 1.87 2.19 1.81 1.94 1.81 1.77],[1. 1. 1. 1. 1. 1. 1. 1. 1. 1.],"[0.99894163 1.02378809 0.87422493 1.58180162 0.95133076 1.2289112
 0.98838195 1.06797592 0.99798731 1.10755703]",[1. 1. 1. 1. 1. 1. 1. 1. 1. 1.],"[0.22452512 0.23729395 0.16281868 0.49430956 0.22183857 0.34067024
 0.23067687 0.27846421 0.2322964  0.23657131]",[0. 0. 0. 0. 0. 0. 0. 0. 0. 0.],"[0.29890928 0.30593373 0.29563492 0.29915955 0.28100775 0.3004537
 0.30151286 0.29904138 0.29724512 0.29464522]"
2.1000000000000005,0.35000000000000003,[1.097 1.069 0.954 0.777 0.812 1.09  1.084 0.802 0.947 1.102],[2.36 2.15 1.93 1.77 1.89 2.3  2.22 2.01 1.97 2.44],[1. 1. 1. 1. 1. 1. 1. 1. 1. 1.],"[1.45776648 1.38061361 1.14065309 0.92592797 1.04509129 1.44473941
 1.39550408 1.11536492 1.2211495  1.47896168]",[1. 1. 1. 1. 1. 1. 1. 1. 1. 1.],"[0.35595251 0.32239095 0.22170778 0.16277367 0.22055027 0.35884097
 0.35619744 0.28059929 0.26888937 0.41649586]",[0. 0. 0. 0. 0. 0. 0. 0. 0. 0.],"[0.35242086 0.35364126 0.37026515 0.34075472 0.34811264 0.36045861
 0.3558927  0.34513142 0.34807806 0.35454879]"
2.1000000000000005,0.4,[0.869 1.02  0.889 0.993 1.057 0.965 1.154 0.715 1.236 0.958],[1.91 2.09 1.98 2.02 2.31 1.78 2.38 1.62 2.54 1.84],[1. 1. 1. 1. 1. 1. 1. 1. 1. 1.],"[1.08410385 1.36248634 1.16720242 1.24101793 1.47898569 1.10420176
 1.51330021 0.81248318 1.67877797 1.12857612]",[1. 1. 1. 1. 1. 1. 1. 1. 1. 1.],"[0.22192795 0.31304298 0.26793728 0.25018785 0.36002573 0.1787562
 0.37972354 0.13063748 0.43531605 0.21092964]",[0. 0. 0. 0. 0. 0. 0. 0. 0. 0.],"[0.39644953 0.39303279 0.3989793  0.40213654 0.39816408 0.39792234
 0.39453766 0.39641745 0.40432435 0.40117826]"
2.1000000000000005,0.45,[1.015 0.916 1.151 1.038 0.908 0.748 1.019 1.056 1.205 0.959],[2.05 1.98 2.14 1.99 1.79 1.73 1.93 2.12 2.34 1.8 ],[1. 1. 1. 1. 1. 1. 1. 1. 1. 1.],"[1.27134784 1.13008448 1.39806998 1.2695885  1.09952754 0.92193056
 1.23777703 1.34947513 1.51000955 1.19233831]",[1. 1. 1. 1. 1. 1. 1. 1. 1. 1.],"[0.24737567 0.21779932 0.28832389 0.26959827 0.19344355 0.15005556
 0.26229851 0.28646731 0.35609842 0.18442327]",[0. 0. 0. 0. 0. 0. 0. 0. 0. 0.],"[0.44857357 0.45105616 0.45678601 0.4428442  0.45397384 0.46524664
 0.45009792 0.44955953 0.45432781 0.44408913]"
2.2000000000000006,0.05,[0.15  0.194 0.183 0.203 0.214 0.127 0.175 0.186 0.178 0.103],[1.59 1.67 1.74 1.91 2.09 1.68 1.8  1.99 2.14 1.72],[1. 1. 1. 1. 1. 1. 1. 1. 1. 1.],"[0.20965104 0.35152798 0.29749758 0.41834207 0.52619261 0.30244655
 0.43135458 0.45670713 0.4996792  0.2322489 ]",[0. 0. 0. 0. 0. 0. 0. 0. 0. 0.],"[0.06933854 0.15679897 0.13866945 0.21013894 0.31277952 0.17798122
 0.25259238 0.26867002 0.31594385 0.12025671]",[0. 0. 0. 0. 0. 0. 0. 0. 0. 0.],"[0.04467354 0.05029206 0.04851031 0.05159635 0.05033913 0.04635272
 0.04962519 0.05009675 0.04864569 0.04528536]"
2.2000000000000006,0.1,[0.251 0.264 0.402 0.253 0.285 0.313 0.431 0.387 0.396 0.386],[1.68 1.82 2.11 1.79 2.05 1.6  1.94 2.02 1.89 2.09],[1. 1. 1. 1. 1. 1. 1. 1. 1. 1.],"[0.41593855 0.45342966 0.71397347 0.49726296 0.59908135 0.44377617
 0.70885343 0.71113927 0.69791877 0.68785333]",[0. 0. 0. 0. 0. 0. 0. 0. 0. 0.],"[0.15035261 0.19755075 0.31334359 0.23356911 0.31041435 0.13376641
 0.2632675  0.34272375 0.27162238 0.32651788]",[0. 0. 0. 0. 0. 0. 0. 0. 0. 0.],"[0.07973422 0.09352078 0.10148307 0.09918389 0.09815395 0.10048038
 0.10493827 0.0979575  0.10258233 0.10223581]"
2.2000000000000006,0.15000000000000002,[0.483 0.52  0.572 0.526 0.412 0.522 0.525 0.585 0.49  0.455],[1.73 1.96 1.94 2.18 1.75 1.94 2.15 1.91 1.9  1.9 ],[1. 1. 1. 1. 1. 1. 1. 1. 1. 1.],"[0.66794975 0.83198801 0.8736532  0.92834368 0.67276733 0.77807745
 0.9295269  0.83031095 0.76158686 0.70961922]",[0. 0. 0. 0. 0. 0. 0. 0. 0. 0.],"[0.19564507 0.32229075 0.3225155  0.39999651 0.24130004 0.25319464
 0.38128471 0.26529141 0.29697749 0.26337166]",[0. 0. 0. 0. 0. 0. 0. 0. 0. 0.],"[0.15109034 0.15355165 0.15319283 0.14777922 0.14271398 0.154047
 0.15225975 0.15745856 0.16111915 0.15486357]"
2.2000000000000006,0.2,[0.593 0.524 0.708 0.562 0.731 0.573 0.697 0.555 0.818 0.407],[1.76 1.8  1.93 1.93 2.12 2.03 2.1  1.91 2.4  1.63],[1. 1. 1. 1. 1. 1. 1. 1. 1. 1.],"[0.79670677 0.70091322 0.94583561 0.86867924 1.02938932 0.90297252
 1.11878705 0.79234648 1.31770397 0.60717448]",[0. 0. 1. 0. 1. 0. 1. 0. 1. 0.],"[0.20770531 0.17403822 0.2664008  0.29296635 0.33626187 0.31702525
 0.37778363 0.25635039 0.49671459 0.15717448]",[0. 0. 0. 0. 0. 0. 0. 0. 0. 0.],"[0.20700924 0.17376682 0.1979798  0.20461508 0.2044215  0.20181902
 0.1998088  0.20367325 0.20059251 0.18181818]"
2.2000000000000006,0.25,[0.704 0.731 0.651 0.818 0.655 0.502 0.698 0.733 0.745 0.693],[1.88 1.84 1.79 1.91 1.86 1.66 1.69 2.08 1.91 1.78],[1. 1. 1. 1. 1. 1. 1. 1. 1. 1.],"[0.9767109  0.94805445 0.86163618 1.08574131 0.90889939 0.67831284
 0.87867062 1.07911443 1.01860688 0.88848243]",[1.  0.5 0.5 1.  0.  0.  1.  0.  1.  0. ],"[0.24766488 0.22024195 0.21137984 0.28660923 0.2408867  0.15194566
 0.19439083 0.3417951  0.26551118 0.23291236]",[0. 0. 0. 0. 0. 0. 0. 0. 0. 0.],"[0.24770506 0.25867052 0.25277234 0.24845937 0.25547587 0.2543554
 0.25091408 0.24936795 0.24618585 0.2491644 ]"
2.2000000000000006,0.3,[0.63  0.883 0.747 0.739 0.804 0.655 0.84  0.795 0.887 0.849],[1.67 2.05 1.76 2.01 1.98 1.79 1.77 1.9  2.07 2.06],[1. 1. 1. 1. 1. 1. 1. 1. 1. 1.],"[0.83219493 1.18371571 0.90700128 1.11277305 1.04919011 0.8842067
 0.97744843 0.98164518 1.15778347 1.06490737]",[0. 1. 1. 1. 1. 0. 1. 1. 1. 1.],"[0.15610118 0.29117665 0.18080255 0.30931358 0.25950444 0.21613297
 0.17842499 0.22367643 0.29526394 0.24264175]",[0. 0. 0. 0. 0. 0. 0. 0. 0. 0.],"[0.3125     0.29850746 0.30230699 0.29950814 0.29332214 0.29951415
 0.30025284 0.3030888  0.29726651 0.29861111]"
2.2000000000000006,0.35000000000000003,[0.903 1.17  0.668 0.88  0.925 0.982 0.817 1.081 0.913 0.947],[1.93 2.43 1.51 1.96 2.12 2.05 1.91 2.25 1.9  1.87],[1. 1. 1. 1. 1. 1. 1. 1. 1. 1.],"[1.15853593 1.58874867 0.85050675 1.14964303 1.22508823 1.2423075
 1.07520804 1.4042733  1.13358544 1.14984838]",[1. 1. 1. 1. 1. 1. 1. 1. 1. 1.],"[0.26066728 0.43416493 0.13003311 0.28170968 0.30210727 0.27849402
 0.24086966 0.34013756 0.23350732 0.20030737]",[0. 0. 0. 0. 0. 0. 0. 0. 0. 0.],"[0.34863828 0.34974978 0.3528174  0.35105432 0.34054759 0.35502002
 0.34729486 0.34586498 0.35464135 0.35101494]"
2.2000000000000006,0.4,[0.889 0.816 0.768 0.753 0.89  1.046 0.895 0.861 0.949 0.83 ],[1.6  1.66 1.47 1.66 1.79 2.17 1.94 1.9  1.96 1.75],[1. 1. 1. 1. 1. 1. 1. 1. 1. 1.],"[0.95896708 0.98631843 0.84955115 0.89650046 1.04356493 1.32862063
 1.13466872 1.09847826 1.17068934 1.02508673]",[1. 1. 1. 1. 1. 1. 1. 1. 1. 1.],"[0.11943583 0.14975593 0.08392615 0.15946921 0.22041063 0.32072818
 0.25403396 0.23954759 0.24363856 0.18049688]",[0. 0. 0. 0. 0. 0. 0. 0. 0. 0.],"[0.42783505 0.40805471 0.39513109 0.41415929 0.40264216 0.39943674
 0.39877182 0.40680445 0.40692453 0.38551165]"
2.2000000000000006,0.45,[0.884 0.986 0.996 1.037 0.991 1.07  1.052 0.807 0.962 1.177],[2.03 2.09 1.94 2.05 1.97 2.13 2.26 1.67 1.98 2.48],[1. 1. 1. 1. 1. 1. 1. 1. 1. 1.],"[1.21958574 1.28988062 1.23301836 1.31459042 1.21318657 1.38216979
 1.41239378 0.94928711 1.21622667 1.61633707]",[1. 1. 1. 1. 1. 1. 1. 1. 1. 1.],"[0.28212846 0.26429469 0.23881914 0.27562008 0.26315239 0.31147887
 0.3305676  0.14577148 0.27259385 0.40917337]",[0. 0. 0. 0. 0. 0. 0. 0. 0. 0.],"[0.45020371 0.45023021 0.45094271 0.44842926 0.4486092  0.45444165
 0.4536176  0.43679599 0.45704985 0.44858368]"
2.3000000000000007,0.05,[0.153 0.181 0.204 0.157 0.175 0.175 0.141 0.175 0.199 0.172],[1.66 1.67 1.95 1.77 1.78 1.77 1.67 1.77 1.63 1.74],[1. 1. 1. 1. 1. 1. 1. 1. 1. 1.],"[0.28007116 0.29842248 0.41171154 0.3107924  0.38232678 0.3307424
 0.29114633 0.32717864 0.33280267 0.33481132]",[0. 0. 0. 0. 0. 0. 0. 0. 0. 0.],"[0.14830358 0.12404748 0.21128185 0.16089006 0.21612805 0.15113303
 0.14161508 0.17487395 0.13436517 0.16666679]",[0. 0. 0. 0. 0. 0. 0. 0. 0. 0.],"[0.05057217 0.04574605 0.04783809 0.04826001 0.04970335 0.05179558
 0.05111111 0.05131129 0.04757463 0.05523673]"
2.3000000000000007,0.1,[0.32  0.383 0.286 0.302 0.333 0.363 0.277 0.329 0.362 0.403],[1.69 1.93 1.43 1.8  1.73 1.74 1.86 1.91 1.99 1.96],[1. 1. 1. 1. 1. 1. 1. 1. 1. 1.],"[0.44360977 0.657528   0.37216372 0.52525483 0.53758882 0.5501124
 0.51842144 0.56489026 0.65377672 0.73980894]",[0. 0. 0. 0. 0. 0. 0. 0. 0. 0.],"[0.12595352 0.26636589 0.10540591 0.21155366 0.19645601 0.21351328
 0.22767925 0.23727795 0.3233092  0.34009702]",[0. 0. 0. 0. 0. 0. 0. 0. 0. 0.],"[0.10746269 0.09855305 0.09354839 0.09206023 0.10291324 0.10136956
 0.08838002 0.10539268 0.10143806 0.10215362]"
2.3000000000000007,0.15000000000000002,[0.423 0.377 0.613 0.509 0.399 0.545 0.565 0.364 0.615 0.408],[1.66 1.66 2.11 1.78 1.86 2.04 2.04 1.49 2.07 1.65],[1. 1. 1. 1. 1. 1. 1. 1. 1. 1.],"[0.62856707 0.51167465 0.99210068 0.75239435 0.67200402 0.87978689
 0.90595477 0.47611591 0.95199405 0.58830355]",[0. 0. 0. 0. 0. 0. 0. 0. 0. 0.],"[0.18874286 0.12468246 0.37087388 0.24059808 0.25737512 0.3798699
 0.36562274 0.11955341 0.35407169 0.18037386]",[0. 0. 0. 0. 0. 0. 0. 0. 0. 0.],"[0.15003897 0.13831967 0.15027685 0.14903045 0.14726027 0.14781002
 0.15272626 0.14854111 0.14949681 0.14754857]"
2.3000000000000007,0.2,[0.561 0.673 0.681 0.515 0.643 0.403 0.465 0.588 0.481 0.514],[1.73 1.94 1.81 1.58 1.92 1.43 1.64 1.85 1.71 1.59],[1. 1. 1. 1. 1. 1. 1. 1. 1. 1.],"[0.71794566 0.98621982 0.89715671 0.68890028 0.92478443 0.50654774
 0.62622535 0.82681012 0.68037014 0.68498356]",[0. 1. 1. 0. 0. 0. 0. 0. 0. 0.],"[0.18278941 0.3119498  0.2528281  0.17926649 0.28860706 0.09154774
 0.16040504 0.24450543 0.18551174 0.18480778]",[0. 0. 0. 0. 0. 0. 0. 0. 0. 0.],"[0.20627063 0.18932852 0.19643542 0.19333056 0.1975622  0.20562771
 0.18924825 0.19994893 0.2        0.20700152]"
2.3000000000000007,0.25,[0.61  0.547 0.587 0.752 0.603 0.62  0.545 0.662 0.483 0.594],[1.84 1.86 1.58 1.92 1.72 1.61 1.55 1.44 1.52 1.72],[1. 1. 1. 1. 1. 1. 1. 1. 1. 1.],"[0.87495161 0.81713218 0.69686235 1.0583736  0.82944909 0.786473
 0.6733661  0.70752756 0.60601158 0.79653911]",[0. 0. 0. 1. 0. 0. 0. 1. 0. 0.],"[0.27107466 0.21967125 0.11748735 0.29973346 0.20477136 0.17248862
 0.14734071 0.10284006 0.09648033 0.18973735]",[0. 0. 0. 0. 0. 0. 0. 0. 0. 0.],"[0.25277988 0.21368547 0.26253687 0.24709457 0.25320349 0.25419546
 0.24095912 0.26734694 0.22594142 0.25158418]"
2.3000000000000007,0.3,[0.631 0.799 0.632 0.65  0.745 0.727 0.787 0.816 0.531 0.886],[1.65 1.71 1.49 1.61 1.72 1.88 1.84 1.91 1.44 1.98],[1. 1. 1. 1. 1. 1. 1. 1. 1. 1.],"[0.83195495 0.92530352 0.76109716 0.81099925 0.92096772 0.97901784
 0.99895687 1.05643468 0.64542981 1.17497216]",[1. 1. 1. 1. 1. 1. 1. 1. 0. 1.],"[0.16722839 0.18129962 0.11228856 0.15067943 0.18387787 0.22618581
 0.20094906 0.24199132 0.11038159 0.29078759]",[0. 0. 0. 0. 0. 0. 0. 0. 0. 0.],"[0.29381443 0.30936144 0.3049038  0.30257611 0.29283182 0.28973185
 0.31168301 0.30248007 0.29963091 0.30187099]"
2.3000000000000007,0.35000000000000003,[0.685 0.839 0.81  0.778 0.692 0.965 0.924 0.77  0.909 0.839],[1.7  1.8  1.68 1.54 1.76 1.97 2.   1.7  2.03 1.96],[1. 1. 1. 1. 1. 1. 1. 1. 1. 1.],"[0.83231883 1.05209734 0.95790844 0.83822537 0.91991107 1.14825825
 1.19624465 0.96215738 1.16717402 1.11384577]",[0. 1. 1. 1. 1. 1. 1. 1. 1. 1.],"[0.17661083 0.22827898 0.18720532 0.1169241  0.18545794 0.24147114
 0.28098952 0.18950113 0.27613887 0.23476374]",[0. 0. 0. 0. 0. 0. 0. 0. 0. 0.],"[0.34553822 0.35052255 0.36269956 0.35103716 0.35729614 0.3493083
 0.34981348 0.35615688 0.33574879 0.3485986 ]"
2.3000000000000007,0.4,[0.929 0.81  0.776 0.776 0.871 0.738 0.88  0.94  1.158 0.841],[1.97 1.56 1.6  1.72 1.74 1.49 1.77 1.87 2.27 1.66],[1. 1. 1. 1. 1. 1. 1. 1. 1. 1.],"[1.14143365 0.92998585 0.88054349 0.9585699  1.00950575 0.86022304
 1.05594296 1.2206764  1.51154898 0.99723139]",[1. 1. 1. 1. 1. 1. 1. 1. 1. 1.],"[0.23490044 0.13294483 0.14210599 0.1857867  0.18246473 0.11549648
 0.19941464 0.25909559 0.36883169 0.17237788]",[0. 0. 0. 0. 0. 0. 0. 0. 0. 0.],"[0.41089838 0.40400891 0.39910131 0.40152689 0.40214158 0.39848676
 0.40474537 0.39906735 0.39959616 0.398017  ]"
2.3000000000000007,0.45,[0.928 0.794 0.728 0.869 0.872 0.854 0.953 0.936 0.81  0.979],[1.82 1.65 1.53 1.63 1.65 1.68 1.86 1.82 1.87 1.93],[1. 1. 1. 1. 1. 1. 1. 1. 1. 1.],"[1.15388564 0.95661491 0.85082425 0.96035762 1.02123317 1.00035836
 1.13980883 1.13785807 1.1308217  1.21955163]",[1. 1. 1. 1. 1. 1. 1. 1. 1. 1.],"[0.20460586 0.16274773 0.11519925 0.14051387 0.14358425 0.15778024
 0.19215258 0.19316569 0.24086565 0.23994226]",[0. 0. 0. 0. 0. 0. 0. 0. 0. 0.],"[0.44816797 0.45014073 0.43784079 0.43675889 0.45805921 0.43581446
 0.44361834 0.44828791 0.45216023 0.45693714]"
2.400000000000001,0.05,[0.124 0.218 0.164 0.112 0.064 0.196 0.1   0.16  0.243 0.127],[1.74 1.91 1.57 1.67 1.58 1.46 1.63 1.7  1.73 1.51],[1. 1. 1. 1. 1. 1. 1. 1. 1. 1.],"[0.2690731  0.46225148 0.27695532 0.24533859 0.14030609 0.25113413
 0.24689734 0.33376537 0.41793195 0.25301867]",[0. 0. 0. 0. 0. 0. 0. 0. 0. 0.],"[0.15081626 0.24143117 0.10595922 0.15450607 0.06655609 0.06910288
 0.12963171 0.1561964  0.16536359 0.11718615]",[0. 0. 0. 0. 0. 0. 0. 0. 0. 0.],"[0.05263702 0.05163189 0.05668491 0.05045233 0.02827381 0.06029412
 0.05291005 0.05081631 0.05486671 0.05004761]"
2.400000000000001,0.1,[0.385 0.315 0.322 0.169 0.275 0.283 0.273 0.341 0.351 0.204],[2.06 1.63 1.72 1.56 1.54 1.48 1.51 1.67 1.77 1.48],[1. 1. 1. 1. 1. 1. 1. 1. 1. 1.],"[0.69741262 0.44685027 0.50034286 0.3161493  0.4312836  0.39487872
 0.37822955 0.56325151 0.64204157 0.29834101]",[0. 0. 0. 0. 0. 0. 0. 0. 0. 0.],"[0.32153371 0.12985809 0.1814659  0.13124757 0.16643985 0.09862872
 0.1236983  0.23356095 0.27784724 0.07880976]",[0. 0. 0. 0. 0. 0. 0. 0. 0. 0.],"[0.10593816 0.10368217 0.10481414 0.10099608 0.10328767 0.1090535
 0.09297052 0.10047594 0.10108382 0.09439528]"
2.400000000000001,0.15000000000000002,[0.331 0.37  0.42  0.395 0.367 0.474 0.353 0.478 0.41  0.447],[1.48 1.62 1.81 1.56 1.68 1.6  1.69 1.88 1.39 1.62],[1. 1. 1. 1. 1. 1. 1. 1. 1. 1.],"[0.45305838 0.51149432 0.65979231 0.50250619 0.53912712 0.66276355
 0.53055938 0.72635709 0.53325141 0.61951756]",[0. 0. 0. 0. 0. 0. 0. 0. 0. 0.],"[0.11766775 0.13805682 0.2280345  0.11063119 0.15626579 0.18203112
 0.18101958 0.23682584 0.10153266 0.19017674]",[0. 0. 0. 0. 0. 0. 0. 0. 0. 0.],"[0.1373913  0.14383562 0.14667291 0.16988417 0.1460076  0.1441543
 0.15209687 0.16331361 0.1374502  0.1480878 ]"
2.400000000000001,0.2,[0.548 0.54  0.456 0.468 0.413 0.558 0.462 0.532 0.479 0.577],[1.82 1.52 1.63 1.35 1.51 1.79 1.48 1.69 1.63 1.87],[1. 1. 1. 1. 1. 1. 1. 1. 1. 1.],"[0.80229425 0.6758852  0.64570136 0.53734323 0.53232263 0.78776266
 0.59273559 0.6786953  0.65246565 0.82644283]",[0. 0. 0. 0. 0. 0. 0. 0. 0. 0.],"[0.23104425 0.12358052 0.17998847 0.07499948 0.1172445  0.21588766
 0.12851684 0.16767235 0.15809065 0.26807369]",[0. 0. 0. 0. 0. 0. 0. 0. 0. 0.],"[0.20686456 0.21012658 0.19702099 0.2075     0.20012706 0.18815404
 0.19497608 0.20223119 0.19926874 0.19591097]"
2.400000000000001,0.25,[0.696 0.759 0.786 0.608 0.614 0.717 0.691 0.604 0.553 0.56 ],[1.82 1.86 2.13 1.72 1.8  1.81 1.76 1.63 1.41 1.46],[1. 1. 1. 1. 1. 1. 1. 1. 1. 1.],"[0.95174524 1.02390585 1.15917658 0.81969263 0.81622928 0.9894712
 0.91173204 0.76444391 0.65616305 0.6554282 ]",[0.5 1.  1.  1.  0.  1.  1.  0.5 0.  0.5],"[0.2495138  0.26125571 0.36026056 0.18195825 0.21837772 0.25795081
 0.20586046 0.14901422 0.08772555 0.0823032 ]",[0. 0. 0. 0. 0. 0. 0. 0. 0. 0.],"[0.25095861 0.25376117 0.25106724 0.2583603  0.25081301 0.25240076
 0.24974865 0.25630252 0.25322581 0.25694444]"
2.400000000000001,0.3,[0.592 0.788 0.599 0.737 0.658 0.718 0.653 0.823 0.683 0.654],[1.47 1.7  1.42 1.61 1.67 1.63 1.43 1.89 1.43 1.5 ],[1. 1. 1. 1. 1. 1. 1. 1. 1. 1.],"[0.71639806 0.92265261 0.71106269 0.91286881 0.83763931 0.87695346
 0.77072538 1.02661027 0.77631463 0.77990322]",[0.  1.  1.  1.  0.5 1.  1.  1.  1.  1. ],"[0.10624181 0.17323854 0.09262519 0.17527115 0.16478774 0.14667819
 0.09431913 0.21559465 0.08990838 0.12913173]",[0. 0. 0. 0. 0. 0. 0. 0. 0. 0.],"[0.29857143 0.2886341  0.29363905 0.29837037 0.3155922  0.30221071
 0.31135531 0.29884504 0.28209459 0.29236006]"
2.400000000000001,0.35000000000000003,[0.848 0.83  0.578 0.709 0.794 0.854 0.709 0.799 0.76  0.95 ],[1.71 1.74 1.39 1.64 1.62 1.74 1.78 1.5  1.41 2.  ],[1. 1. 1. 1. 1. 1. 1. 1. 1. 1.],"[1.0262318  0.97062429 0.70459896 0.84813511 0.93633884 0.98373685
 0.93327539 0.88477065 0.83148879 1.22466846]",[1. 1. 1. 1. 1. 1. 1. 1. 1. 1.],"[0.17010875 0.17308523 0.07584896 0.15128025 0.14701267 0.17710599
 0.19515039 0.10249526 0.08133254 0.26034229]",[0. 0. 0. 0. 0. 0. 0. 0. 0. 0.],"[0.34827702 0.35016556 0.30571429 0.35263442 0.35343806 0.35411311
 0.33044059 0.3752073  0.34397163 0.36669196]"
2.400000000000001,0.4,[0.942 1.005 0.833 0.765 0.725 0.622 0.837 0.928 0.896 0.717],[1.84 2.09 1.98 1.52 1.62 1.33 1.8  1.86 1.89 1.53],[1. 1. 1. 1. 1. 1. 1. 1. 1. 1.],"[1.13323816 1.30210858 1.12507898 0.84669272 0.90408281 0.71070871
 1.03166688 1.16968801 1.15568539 0.85352586]",[1. 1. 1. 1. 1. 1. 1. 1. 1. 1.],"[0.20645105 0.30202924 0.26659265 0.11669272 0.14671709 0.07211496
 0.20512635 0.22722219 0.25835873 0.10727586]",[0. 0. 0. 0. 0. 0. 0. 0. 0. 0.],"[0.40607564 0.40347614 0.40806667 0.43421053 0.39716806 0.41163793
 0.39602535 0.4036729  0.39879672 0.40449438]"
2.400000000000001,0.45,[0.847 0.743 0.761 0.808 0.775 0.731 0.717 0.934 0.894 1.122],[1.63 1.62 1.61 1.77 1.54 1.7  1.49 1.99 1.83 2.15],[1. 1. 1. 1. 1. 1. 1. 1. 1. 1.],"[0.96794325 0.94023381 0.89463446 0.97177764 0.92503479 0.92902063
 0.86882165 1.19953287 1.10417274 1.37268771]",[1. 1. 1. 1. 1. 1. 1. 1. 1. 1.],"[0.13837294 0.16673161 0.13416571 0.17630889 0.14399292 0.17361535
 0.11164636 0.27006021 0.20745399 0.3146738 ]",[0. 0. 0. 0. 0. 0. 0. 0. 0. 0.],"[0.44787879 0.45628075 0.43569845 0.45053462 0.45057075 0.45202869
 0.4481177  0.45228168 0.45335277 0.44285247]"
