gamma,bias,Derrida,avgK,medK,avgKe,medKe,avgKc,medKc
1.5,0.05,[0.306 0.276 0.322 0.245 0.239 0.357 0.335 0.304 0.271 0.258],[2.87 2.76 2.83 3.09 3.   3.77 3.09 2.97 3.02 2.69],[2. 2. 1. 2. 2. 2. 2. 1. 2. 1.],"[0.90743192 0.83283789 0.92324745 0.9269983  0.93528617 1.34021313
 0.98520204 1.03636676 0.91781708 0.76510192]",[0. 0. 0. 0. 0. 0. 0. 0. 0. 0.],"[0.59644254 0.54815771 0.58891395 0.66569703 0.67923636 0.97180005
 0.66359011 0.7452901  0.65238495 0.50928039]",[0. 0. 0. 0. 0. 0. 0. 0. 0. 0.]
1.5,0.1,[0.643 0.507 0.607 0.491 0.583 0.583 0.501 0.573 0.519 0.502],[3.43 2.95 3.3  2.94 3.08 3.03 2.69 3.15 2.41 2.83],[2. 1. 2. 2. 2. 2. 1. 2. 1. 1.],"[1.52540087 1.27312941 1.51625275 1.14217578 1.36871942 1.34552987
 1.0415974  1.34446209 0.94421569 1.15964999]",[1. 0. 0. 0. 0. 0. 0. 0. 0. 0.],"[0.89304186 0.7548274  0.90407929 0.64184374 0.79239862 0.77732064
 0.57654186 0.74860271 0.43304381 0.65629061]",[0. 0. 0. 0. 0. 0. 0. 0. 0. 0.]
1.5,0.15000000000000002,[0.856 0.81  0.792 0.748 0.699 0.77  0.752 0.901 0.642 0.648],[3.16 3.27 3.07 3.26 2.8  3.   2.95 3.28 2.45 2.56],[1. 2. 2. 1. 2. 1. 1. 2. 1. 1.],"[1.68971835 1.60348551 1.48357004 1.62549047 1.29866375 1.49453927
 1.50902142 1.73364771 1.09170247 1.2278522 ]",[1. 1. 0. 0. 1. 1. 1. 1. 0. 0.],"[0.83297213 0.80550882 0.70427866 0.87034399 0.59792644 0.73341867
 0.71291119 0.81609644 0.4662264  0.57543643]",[0. 0. 0. 0. 0. 0. 0. 0. 0. 0.]
1.5,0.2,[1.054 1.    0.938 1.072 0.981 0.934 0.879 0.79  1.1   0.885],[3.33 3.06 3.2  3.16 2.95 3.2  2.61 2.46 3.24 2.92],[1.5 1.  1.5 1.5 2.  2.  1.5 1.  2.  2. ],"[1.93306719 1.68828255 1.76224243 1.83765506 1.61360343 1.67920983
 1.37121754 1.24602659 1.87940601 1.50080997]",[1.   1.   1.   1.   1.   1.25 1.   1.   1.   1.  ],"[0.85918596 0.73681343 0.7977301  0.76382449 0.64746451 0.70097741
 0.51750844 0.44464537 0.79377613 0.61209659]",[0.   0.   0.   0.   0.   0.25 0.   0.   0.   0.  ]
1.5,0.25,[1.192 1.181 0.842 0.939 1.12  1.073 1.121 1.071 1.239 1.142],[2.97 3.22 2.68 2.56 2.91 3.1  2.88 3.17 3.43 2.76],[1. 2. 2. 1. 2. 2. 1. 2. 2. 1.],"[1.81474577 1.91354091 1.39306216 1.37231794 1.73898255 1.72506312
 1.69324852 1.80361533 2.01363504 1.66578512]",[1. 1. 1. 1. 1. 1. 1. 1. 1. 1.],"[0.64106413 0.73708278 0.49065982 0.46825544 0.6054181  0.6481222
 0.61195458 0.69708152 0.80214029 0.55613485]",[0. 0. 0. 0. 0. 0. 0. 0. 0. 0.]
1.5,0.3,[1.274 1.102 1.185 1.015 1.334 1.055 1.275 1.424 1.054 1.079],[3.06 2.77 2.51 2.37 3.09 2.65 3.05 3.29 2.28 2.74],[2.  1.  1.  1.  2.  1.  2.  1.5 1.  1.5],"[1.87605995 1.70068745 1.55177151 1.40332536 2.0069369  1.51479514
 1.91851573 2.1446292  1.36296883 1.65416149]",[1. 1. 1. 1. 1. 1. 1. 1. 1. 1.],"[0.66882118 0.5229543  0.44275052 0.40286393 0.65255336 0.47034812
 0.62509654 0.75650908 0.36170052 0.52081921]",[0. 0. 0. 0. 0. 0. 0. 0. 0. 0.]
1.5,0.35000000000000003,[1.224 1.46  1.449 1.727 1.528 1.523 1.297 1.436 1.629 1.194],[2.66 3.1  3.17 3.7  3.17 3.31 2.78 3.11 3.36 3.  ],[1. 2. 1. 2. 2. 2. 1. 2. 2. 2.],"[1.71504589 2.04182936 2.13404523 2.53058431 2.12341145 2.29344259
 1.76413781 2.06302283 2.30518906 1.8444564 ]",[1.   1.   1.   1.25 1.   1.25 1.   1.   1.25 1.  ],"[0.49647106 0.63292616 0.68658063 0.86207845 0.65540242 0.69924032
 0.51614953 0.64488379 0.72317246 0.57762168]",[0.   0.   0.   0.   0.   0.25 0.   0.   0.   0.  ]
1.5,0.4,[1.467 1.713 1.501 1.758 1.518 1.577 1.785 1.463 1.432 1.529],[3.44 3.54 3.04 3.45 3.27 3.28 3.69 2.94 2.97 3.41],[2. 2. 2. 2. 2. 2. 2. 1. 2. 1.],"[2.27229942 2.4333872  2.07947912 2.45507284 2.2707138  2.26844599
 2.58962962 2.00951605 1.91595629 2.36894451]",[1.   1.25 1.25 1.   1.25 1.   1.25 1.   1.25 1.  ],"[0.73253135 0.73216405 0.57236242 0.72460164 0.67686797 0.68127986
 0.80888866 0.57203558 0.53129076 0.76215069]",[0.   0.25 0.   0.   0.   0.   0.25 0.   0.   0.  ]
1.5,0.45,[1.57  1.534 1.22  1.631 1.432 1.602 1.817 1.394 1.326 1.378],[3.35 3.03 2.28 3.13 2.79 3.09 3.62 2.75 2.68 2.87],[2.  1.5 1.  2.  1.  2.  2.  1.5 1.  1. ],"[2.16392761 2.13933196 1.47004416 2.17857971 1.88548523 2.13570247
 2.58017864 1.83160215 1.76062421 1.93425237]",[1.    1.    1.    1.    1.    1.    1.125 1.    1.    1.   ],"[0.62104675 0.5558139  0.2956301  0.58749572 0.46358338 0.59060725
 0.78773907 0.46799131 0.43169843 0.52068547]",[0. 0. 0. 0. 0. 0. 0. 0. 0. 0.]
1.6,0.05,[0.263 0.251 0.267 0.223 0.359 0.301 0.267 0.325 0.332 0.363],[2.86 2.48 2.57 2.07 3.25 3.17 3.03 3.24 3.02 3.01],[1.  1.  1.  1.  2.  2.  2.  1.5 2.  2. ],"[0.97468556 0.69956819 0.76543678 0.45471399 1.13111336 1.0470101
 1.05529387 1.1120747  0.9845839  0.97531855]",[0. 0. 0. 0. 0. 0. 0. 0. 0. 0.],"[0.68084767 0.45534944 0.49082252 0.24885462 0.77306343 0.73715902
 0.73806487 0.81611278 0.66916153 0.66272029]",[0. 0. 0. 0. 0. 0. 0. 0. 0. 0.]
1.6,0.1,[0.351 0.685 0.699 0.509 0.606 0.566 0.521 0.57  0.499 0.445],[2.34 3.41 3.63 2.44 2.97 2.7  3.1  3.1  2.5  2.65],[2. 2. 2. 1. 2. 1. 2. 2. 2. 1.],"[0.66571829 1.60915126 1.76395108 1.00097659 1.3565971  1.21679721
 1.21154124 1.37730871 0.9594083  0.9634981 ]",[0. 0. 1. 0. 1. 0. 0. 0. 0. 0.],"[0.30044485 0.95149501 1.04318265 0.48334231 0.73063702 0.66387485
 0.68761057 0.77373327 0.43481846 0.5417293 ]",[0. 0. 0. 0. 0. 0. 0. 0. 0. 0.]
1.6,0.15000000000000002,[0.748 0.683 0.548 0.824 0.717 0.689 0.625 0.751 0.516 0.795],[2.67 2.74 2.35 3.39 2.68 2.89 2.52 2.89 2.14 2.97],[1. 2. 1. 2. 1. 2. 1. 1. 1. 2.],"[1.30682577 1.23612689 0.97505694 1.76799901 1.29472427 1.35110651
 1.1532762  1.45000233 0.90533266 1.53314325]",[1.  0.5 0.  0.  1.  0.  0.  0.  0.  1. ],"[0.57518332 0.5580086  0.41720172 0.94115819 0.59684341 0.64994806
 0.52919905 0.73553577 0.38087466 0.71321406]",[0. 0. 0. 0. 0. 0. 0. 0. 0. 0.]
1.6,0.2,[1.054 1.006 0.676 1.159 0.836 0.783 0.864 0.926 0.791 0.814],[3.18 3.37 2.22 3.36 2.48 2.64 2.41 2.8  2.63 2.55],[2.  2.  1.  2.  1.  1.  1.  1.5 2.  1. ],"[1.77664961 1.81064218 1.02250548 2.02118502 1.35324742 1.36667264
 1.26474008 1.54722447 1.30430154 1.31756419]","[1.09375 1.      1.      1.      1.      0.      1.      1.      1.
 1.     ]","[0.72938277 0.8179957  0.3306793  0.88850374 0.50709996 0.55400663
 0.44633431 0.60994847 0.53522317 0.48982127]",[0. 0. 0. 0. 0. 0. 0. 0. 0. 0.]
1.6,0.25,[0.938 1.083 1.256 1.227 0.93  1.119 1.016 1.276 0.97  0.964],[2.67 2.45 3.48 3.16 2.72 2.86 2.75 3.37 2.59 2.87],[2. 1. 2. 2. 1. 2. 2. 2. 1. 1.],"[1.41408652 1.53811746 2.11394311 1.96391544 1.49931022 1.70634821
 1.56833199 2.0906097  1.49620851 1.64955941]",[1.    1.    1.125 1.    1.    1.    1.    1.    1.    1.   ],"[0.49697471 0.45182108 0.8271383  0.70265263 0.5304235  0.60745173
 0.53945625 0.79386592 0.52464724 0.63725228]",[0.    0.    0.125 0.    0.    0.    0.    0.    0.    0.   ]
1.6,0.3,[1.362 1.135 1.28  1.091 1.385 1.12  1.14  0.906 1.282 1.273],[3.16 2.71 2.95 2.6  3.28 2.72 2.82 2.46 2.94 3.04],[2. 1. 1. 1. 1. 1. 1. 1. 1. 1.],"[2.08676755 1.6447284  1.90939784 1.65056502 2.16305952 1.62874474
 1.70705661 1.37010365 1.84084089 1.91693951]",[1. 1. 1. 1. 1. 1. 1. 1. 1. 1.],"[0.69942014 0.54669983 0.66209682 0.50443587 0.74242415 0.50336633
 0.56569552 0.42133656 0.60384626 0.63618695]",[0. 0. 0. 0. 0. 0. 0. 0. 0. 0.]
1.6,0.35000000000000003,[1.099 1.332 1.349 1.318 1.374 1.239 1.174 1.369 1.046 1.319],[2.31 2.8  2.7  3.09 3.11 2.7  2.65 2.87 2.43 2.81],[1.  1.  2.  2.  2.  1.  1.  1.5 1.  1. ],"[1.44502828 1.93238656 1.7906025  2.02600616 1.9946059  1.7221395
 1.66289687 1.91647806 1.47796855 1.84699947]",[1. 1. 1. 1. 1. 1. 1. 1. 1. 1.],"[0.36576803 0.56823739 0.4546882  0.64977874 0.61655353 0.47912681
 0.47737441 0.56371255 0.3893687  0.53617062]",[0. 0. 0. 0. 0. 0. 0. 0. 0. 0.]
1.6,0.4,[1.217 1.356 1.387 1.704 1.216 1.149 1.623 1.222 1.417 1.256],[2.43 2.91 2.85 3.6  2.56 2.55 3.29 2.65 2.89 2.57],[1. 2. 2. 2. 1. 1. 1. 2. 2. 1.],"[1.62600542 1.90583883 1.92937194 2.47835624 1.67990404 1.56292516
 2.29654921 1.7019643  1.91834536 1.68167772]",[1.   1.   1.   1.25 1.   1.   1.   1.   1.   1.  ],"[0.40039263 0.53073568 0.50732543 0.81214408 0.41243333 0.40723669
 0.69931166 0.44920307 0.54162661 0.43793504]",[0.   0.   0.   0.25 0.   0.   0.   0.   0.   0.  ]
1.6,0.45,[1.469 1.316 1.386 1.394 1.204 1.291 1.124 1.602 1.293 1.564],[2.74 2.76 2.84 2.74 2.43 2.63 2.2  3.23 2.63 3.01],[2. 1. 1. 1. 1. 1. 1. 1. 2. 2.],"[1.82866218 1.81412103 1.95386704 1.82987305 1.55736172 1.74304204
 1.38081123 2.24640139 1.71240134 2.03499711]",[1.   1.   1.   1.   1.   1.   1.   1.   1.25 1.  ],"[0.45185554 0.48792108 0.51607163 0.48707092 0.35325039 0.44670049
 0.28848701 0.65753421 0.40906394 0.52250688]",[0. 0. 0. 0. 0. 0. 0. 0. 0. 0.]
1.7000000000000002,0.05,[0.203 0.229 0.159 0.254 0.218 0.25  0.314 0.255 0.187 0.191],[2.47 2.36 1.95 2.78 2.61 2.75 2.88 2.52 2.19 2.09],[1. 1. 1. 2. 1. 1. 1. 1. 1. 1.],"[0.65634163 0.67739266 0.42400868 0.8192873  0.81931708 0.79520095
 0.99297887 0.71687608 0.5307836  0.50787789]",[0. 0. 0. 0. 0. 0. 0. 0. 0. 0.],"[0.44959846 0.4223835  0.25926747 0.55888691 0.59361945 0.54637221
 0.69224156 0.44417832 0.35333976 0.31706002]",[0. 0. 0. 0. 0. 0. 0. 0. 0. 0.]
1.7000000000000002,0.1,[0.652 0.527 0.436 0.44  0.45  0.423 0.384 0.605 0.493 0.407],[2.56 2.52 2.38 2.62 2.67 2.5  1.92 3.21 2.82 2.39],[1. 1. 1. 1. 1. 1. 1. 2. 1. 1.],"[1.16188545 0.99825843 0.80636354 0.93697231 1.04208855 0.9181692
 0.63272748 1.41332557 1.17897006 0.80931497]",[1. 0. 0. 0. 0. 0. 0. 0. 0. 0.],"[0.55394478 0.48512122 0.35257448 0.51608852 0.5951696  0.49629664
 0.2709306  0.83518836 0.70000399 0.41277932]",[0. 0. 0. 0. 0. 0. 0. 0. 0. 0.]
1.7000000000000002,0.15000000000000002,[0.454 0.627 0.501 0.457 0.846 0.776 0.575 0.631 0.613 0.635],[2.24 2.64 2.39 1.86 2.9  2.9  2.24 2.52 2.48 2.53],[1. 1. 2. 1. 2. 1. 1. 1. 1. 1.],"[0.90551664 1.24895128 0.91729176 0.69717352 1.4757989  1.51445005
 0.99130493 1.1215189  1.12873651 1.12922281]",[0.  1.  0.  0.  1.  1.  0.  0.  0.  0.5],"[0.39621    0.56004747 0.40521168 0.22049383 0.66028865 0.73016355
 0.37077514 0.49738377 0.50040399 0.4927897 ]",[0. 0. 0. 0. 0. 0. 0. 0. 0. 0.]
1.7000000000000002,0.2,[0.71  0.928 0.814 0.854 0.816 0.843 0.701 0.931 0.708 0.762],[2.36 2.68 2.57 2.72 2.48 2.76 2.5  2.9  2.1  2.29],[1. 2. 1. 1. 1. 1. 2. 2. 1. 1.],"[1.15748714 1.45972571 1.38159292 1.4641561  1.281934   1.49090005
 1.23232708 1.54046671 1.00522487 1.19521736]",[0.5 1.  1.  1.  1.  1.  1.  1.  0.5 1. ],"[0.42061092 0.52647376 0.57995047 0.60362692 0.45528788 0.61165445
 0.45084026 0.60821573 0.32404751 0.43028572]",[0. 0. 0. 0. 0. 0. 0. 0. 0. 0.]
1.7000000000000002,0.25,[0.763 1.078 1.053 0.745 0.913 1.026 0.976 1.104 0.881 0.911],[2.17 3.06 2.53 2.13 2.26 2.86 2.44 2.78 2.57 2.41],[1. 1. 1. 1. 1. 1. 1. 1. 2. 1.],"[1.08904758 1.80600085 1.51794821 1.05748037 1.21555219 1.59723701
 1.44978121 1.62425884 1.38179268 1.32812214]",[1. 1. 1. 1. 1. 1. 1. 1. 1. 1.],"[0.33070774 0.69626147 0.48432517 0.31882315 0.34809125 0.61462959
 0.46824801 0.58621441 0.46317391 0.42639362]",[0. 0. 0. 0. 0. 0. 0. 0. 0. 0.]
1.7000000000000002,0.3,[1.102 1.242 1.05  1.109 0.898 1.129 1.358 1.092 1.385 1.004],[2.63 2.84 2.53 2.7  2.34 2.52 3.1  2.8  3.26 2.28],[1. 1. 1. 1. 1. 1. 2. 1. 2. 1.],"[1.6011909  1.77045961 1.53610952 1.6405381  1.31644003 1.53910439
 2.01711175 1.64461683 2.10280841 1.31746582]",[1. 1. 1. 1. 1. 1. 1. 1. 1. 1.],"[0.5097578  0.5665265  0.46197133 0.53399207 0.35694784 0.43104775
 0.68303094 0.53347548 0.73332782 0.38781738]",[0. 0. 0. 0. 0. 0. 0. 0. 0. 0.]
1.7000000000000002,0.35000000000000003,[1.367 1.195 1.085 1.252 1.317 0.946 1.281 1.255 1.085 0.939],[2.85 2.54 2.39 2.86 3.01 2.4  2.65 2.82 2.51 2.16],[1.  1.  1.  1.5 2.  1.  1.5 1.  1.  1. ],"[1.86131639 1.55654235 1.50358587 1.79158303 1.90499754 1.36145309
 1.74341501 1.78817156 1.61040583 1.2761876 ]",[1. 1. 1. 1. 1. 1. 1. 1. 1. 1.],"[0.53232957 0.40576842 0.38718207 0.530001   0.6045886  0.35799362
 0.46762216 0.53159685 0.46687129 0.29362168]",[0. 0. 0. 0. 0. 0. 0. 0. 0. 0.]
1.7000000000000002,0.4,[1.201 1.161 1.553 1.267 1.532 1.484 0.824 1.415 1.166 1.249],[2.34 2.31 3.15 2.7  3.23 3.   1.92 2.93 2.22 2.59],[1.  1.  2.  1.  2.  1.5 1.  2.  1.  1. ],"[1.52643687 1.4327927  2.12977838 1.74261814 2.16659816 2.05323148
 1.06440102 1.95702937 1.42056535 1.68275792]",[1.   1.   1.   1.   1.25 1.   1.   1.   1.   1.  ],"[0.34764781 0.32016575 0.60963434 0.47212498 0.62784328 0.6032449
 0.21381509 0.52230281 0.29642472 0.45100255]",[0. 0. 0. 0. 0. 0. 0. 0. 0. 0.]
1.7000000000000002,0.45,[1.505 1.322 1.394 1.284 1.344 1.462 1.166 1.235 1.397 1.344],[3.01 2.7  2.67 2.56 2.78 2.85 2.34 2.76 2.81 2.56],[1.5 1.  1.  1.  1.5 2.  1.  1.  1.  1. ],"[2.08473036 1.82295377 1.76341823 1.69451752 1.78283922 1.94058581
 1.56032028 1.79086236 1.82947451 1.71633913]",[1. 1. 1. 1. 1. 1. 1. 1. 1. 1.],"[0.5556465  0.46801724 0.44936733 0.42300384 0.48375414 0.50304919
 0.3511528  0.52892693 0.48854495 0.42426149]",[0. 0. 0. 0. 0. 0. 0. 0. 0. 0.]
1.8000000000000003,0.05,[0.224 0.297 0.283 0.166 0.211 0.185 0.261 0.288 0.291 0.244],[2.38 2.49 2.59 2.32 2.21 2.22 2.58 2.29 2.49 2.88],[1.5 1.  1.  1.  1.  1.  1.  1.  1.  1. ],"[0.59954896 0.7729725  0.78315644 0.4918217  0.57989429 0.55571322
 0.75102598 0.71205933 0.72389863 0.8843895 ]",[0. 0. 0. 0. 0. 0. 0. 0. 0. 0.],"[0.34087587 0.48581185 0.5258249  0.3424174  0.37696704 0.35780062
 0.4651544  0.42490113 0.42536835 0.61605393]",[0. 0. 0. 0. 0. 0. 0. 0. 0. 0.]
1.8000000000000003,0.1,[0.494 0.326 0.452 0.355 0.479 0.498 0.46  0.41  0.433 0.466],[2.73 2.06 2.67 2.32 2.44 2.44 2.35 2.31 2.49 2.7 ],[1. 1. 1. 1. 1. 1. 1. 1. 2. 1.],"[1.17157053 0.65039382 1.07368724 0.81587104 1.005967   0.90223069
 0.86222195 0.79055713 0.82969074 1.11052548]",[0. 0. 0. 0. 0. 0. 0. 0. 0. 0.],"[0.68100412 0.30558914 0.60835521 0.45519721 0.52958517 0.43338303
 0.43346218 0.39766651 0.41105793 0.63033139]",[0. 0. 0. 0. 0. 0. 0. 0. 0. 0.]
1.8000000000000003,0.15000000000000002,[0.715 0.593 0.64  0.591 0.541 0.614 0.676 0.643 0.478 0.527],[2.82 2.3  2.43 2.57 2.05 2.45 2.01 2.59 2.2  2.32],[2. 1. 1. 1. 1. 1. 1. 1. 1. 1.],"[1.34923165 1.05315795 1.09962599 1.18497343 0.80255912 1.10562881
 0.95609216 1.2085547  0.78513697 0.97705453]",[1. 0. 0. 0. 0. 0. 1. 1. 0. 0.],"[0.61927804 0.43427611 0.47702833 0.57873563 0.29154349 0.5012709
 0.27648278 0.52614992 0.32544947 0.42147591]",[0. 0. 0. 0. 0. 0. 0. 0. 0. 0.]
1.8000000000000003,0.2,[0.79  0.84  0.829 0.792 0.762 0.826 0.948 0.758 0.857 0.859],[2.56 2.46 2.52 2.44 2.5  2.48 3.08 2.5  2.47 2.64],[1.  1.  1.  1.5 1.  1.  1.5 2.  1.  1. ],"[1.300237   1.31922082 1.35976594 1.21950604 1.22549448 1.35807522
 1.70673512 1.23475084 1.36401593 1.4033375 ]",[0. 1. 1. 1. 1. 1. 1. 1. 1. 1.],"[0.55283404 0.50511925 0.5246219  0.45724286 0.47695932 0.51699246
 0.73567555 0.43932359 0.48654766 0.54870859]",[0. 0. 0. 0. 0. 0. 0. 0. 0. 0.]
1.8000000000000003,0.25,[0.884 0.761 0.891 0.88  0.791 1.003 0.872 0.933 0.841 0.982],[2.25 2.13 2.43 2.44 2.43 2.55 2.31 2.49 2.14 2.48],[1. 1. 1. 1. 1. 1. 1. 1. 1. 1.],"[1.26702927 1.10909111 1.339148   1.33177483 1.28685886 1.52139734
 1.22890321 1.41556823 1.14716769 1.43734427]",[1. 1. 1. 1. 1. 1. 1. 1. 1. 1.],"[0.36504197 0.33874566 0.46317754 0.47025384 0.45466159 0.49327478
 0.36707459 0.46206237 0.3205173  0.48320853]",[0. 0. 0. 0. 0. 0. 0. 0. 0. 0.]
1.8000000000000003,0.3,[1.176 1.113 1.014 0.914 1.245 1.167 0.853 1.255 1.087 1.054],[2.74 2.52 2.4  2.22 2.88 2.94 2.08 2.6  2.49 2.49],[1. 1. 1. 1. 2. 1. 1. 1. 1. 1.],"[1.6497485  1.59732099 1.43332636 1.24063642 1.80931666 1.79348907
 1.13947835 1.66239765 1.50461292 1.51994971]",[1. 1. 1. 1. 1. 1. 1. 1. 1. 1.],"[0.51415036 0.49673994 0.41833125 0.34442548 0.56134546 0.60648223
 0.30699788 0.48961262 0.45541371 0.4546244 ]",[0. 0. 0. 0. 0. 0. 0. 0. 0. 0.]
1.8000000000000003,0.35000000000000003,[0.964 1.074 0.96  1.192 0.987 0.777 1.316 1.312 1.195 0.915],[2.28 2.21 2.06 2.44 2.17 1.83 2.77 2.96 2.46 2.02],[1. 1. 1. 1. 1. 1. 2. 1. 1. 1.],"[1.30013823 1.40229531 1.19178378 1.56398614 1.32443076 0.9851973
 1.80254756 1.89942221 1.54202643 1.17826127]",[1. 1. 1. 1. 1. 1. 1. 1. 1. 1.],"[0.33786528 0.29787148 0.25088534 0.43652948 0.33026755 0.19939652
 0.49467769 0.58078391 0.39851813 0.23638627]",[0. 0. 0. 0. 0. 0. 0. 0. 0. 0.]
1.8000000000000003,0.4,[1.046 0.891 1.408 1.088 1.117 1.167 1.062 0.927 1.083 1.121],[2.2  1.8  2.82 2.46 2.24 2.31 2.18 1.8  2.36 2.48],[1.  1.  1.5 1.  1.  1.  1.  1.  1.  1. ],"[1.35345764 1.0286263  1.93120958 1.53741268 1.35424313 1.47618518
 1.38462721 1.06434307 1.45589263 1.50860678]",[1. 1. 1. 1. 1. 1. 1. 1. 1. 1.],"[0.30148986 0.18792318 0.51803636 0.42381465 0.30011227 0.35331225
 0.30654738 0.18974773 0.34612944 0.39874777]",[0. 0. 0. 0. 0. 0. 0. 0. 0. 0.]
1.8000000000000003,0.45,[1.013 0.996 1.106 1.294 1.249 1.369 1.15  1.415 1.188 0.991],[2.14 2.07 2.37 2.41 2.64 2.65 2.37 2.94 2.43 2.15],[1. 1. 1. 2. 1. 1. 1. 2. 1. 1.],"[1.30899213 1.20766368 1.52620096 1.56904161 1.72143618 1.84274089
 1.54028155 1.92281171 1.58925502 1.24432096]",[1. 1. 1. 1. 1. 1. 1. 1. 1. 1.],"[0.27258588 0.22785899 0.35572488 0.3286046  0.4462311  0.43834636
 0.36448077 0.51421307 0.38828334 0.27640836]",[0. 0. 0. 0. 0. 0. 0. 0. 0. 0.]
1.9000000000000004,0.05,[0.255 0.234 0.19  0.181 0.222 0.202 0.165 0.197 0.296 0.201],[2.35 2.64 2.32 2.67 1.76 2.41 2.44 2.35 2.58 2.04],[1.  1.  1.  1.  1.  1.  1.  1.5 1.  1. ],"[0.69199626 0.79019535 0.54659465 0.67745138 0.34921217 0.65557811
 0.58042078 0.55346175 0.77320277 0.46743083]",[0. 0. 0. 0. 0. 0. 0. 0. 0. 0.],"[0.43375407 0.56643558 0.37165325 0.50059835 0.14811842 0.45938914
 0.41094568 0.34491927 0.48195766 0.27279216]",[0. 0. 0. 0. 0. 0. 0. 0. 0. 0.]
1.9000000000000004,0.1,[0.475 0.354 0.492 0.545 0.448 0.434 0.422 0.314 0.342 0.295],[2.3  2.27 2.8  2.32 2.37 2.66 2.15 1.98 2.07 2.  ],[1. 1. 1. 1. 1. 2. 1. 1. 1. 1.],"[0.86751054 0.77797106 1.16812281 1.00981765 0.88874682 0.95409856
 0.83824921 0.56454942 0.6727382  0.61084775]",[0. 0. 0. 0. 0. 0. 0. 0. 0. 0.],"[0.41431718 0.43197314 0.67181544 0.50659255 0.44231371 0.51788519
 0.382966   0.28093614 0.31434953 0.29926572]",[0. 0. 0. 0. 0. 0. 0. 0. 0. 0.]
1.9000000000000004,0.15000000000000002,[0.477 0.515 0.497 0.535 0.534 0.544 0.402 0.445 0.566 0.563],[2.05 2.15 2.   1.92 2.12 2.41 1.8  1.86 2.29 2.42],[1. 1. 1. 1. 1. 1. 1. 1. 1. 1.],"[0.80058092 0.91088258 0.76728139 0.84395963 0.911734   0.98014766
 0.64078641 0.69929511 0.97476691 1.04880808]",[0. 0. 0. 0. 0. 0. 0. 0. 0. 0.],"[0.30751695 0.37804322 0.26336049 0.29384489 0.36994933 0.44270625
 0.22550565 0.24976631 0.39113409 0.48732614]",[0. 0. 0. 0. 0. 0. 0. 0. 0. 0.]
1.9000000000000004,0.2,[0.85  0.825 0.69  0.738 0.694 0.818 0.677 0.736 0.786 0.698],[2.58 2.73 2.17 2.42 2.11 2.39 2.1  2.1  2.59 2.08],[1.  1.  1.  1.  1.  1.  1.  1.  1.5 1. ],"[1.38613731 1.39352705 1.02576605 1.31178284 1.08082172 1.24547439
 0.98083116 1.04797522 1.31888085 1.01113071]",[1.  0.  0.  0.  0.5 1.  0.5 0.  1.  0.5],"[0.5556832  0.59061995 0.36031195 0.51090943 0.36924945 0.42839187
 0.31665147 0.33348303 0.48852685 0.33741977]",[0. 0. 0. 0. 0. 0. 0. 0. 0. 0.]
1.9000000000000004,0.25,[1.033 1.043 0.936 0.968 0.907 0.912 0.871 0.665 0.747 0.765],[2.5  2.55 2.26 2.48 2.35 2.38 2.43 1.9  2.07 2.06],[1. 1. 1. 1. 1. 1. 1. 1. 1. 1.],"[1.4951142  1.47990488 1.35364177 1.3485571  1.34790553 1.28687105
 1.33577387 0.89078854 1.0780688  1.02297689]",[1. 1. 1. 1. 1. 1. 1. 1. 0. 1.],"[0.48300178 0.47293344 0.42153484 0.44722897 0.43850368 0.39747896
 0.44293939 0.23685055 0.30954219 0.28253011]",[0. 0. 0. 0. 0. 0. 0. 0. 0. 0.]
1.9000000000000004,0.3,[0.686 1.036 1.011 0.816 0.976 0.887 0.783 0.855 1.241 0.901],[1.86 2.21 2.5  2.1  2.46 2.13 1.98 2.05 2.84 2.11],[1. 1. 1. 1. 1. 1. 1. 1. 1. 1.],"[0.90640142 1.34453756 1.52082369 1.10722601 1.42470952 1.18528483
 1.04397999 1.16757909 1.78075465 1.17195689]",[1. 1. 1. 1. 1. 1. 1. 1. 1. 1.],"[0.21206548 0.3198818  0.48836763 0.29865179 0.42951909 0.29707072
 0.25172291 0.31172216 0.58928736 0.30844371]",[0. 0. 0. 0. 0. 0. 0. 0. 0. 0.]
1.9000000000000004,0.35000000000000003,[1.179 1.034 1.02  0.962 1.109 1.09  0.973 1.038 1.079 1.333],[2.31 2.39 2.32 2.39 2.36 2.35 2.24 2.17 2.32 2.85],[1. 1. 1. 1. 1. 1. 1. 1. 1. 1.],"[1.53997607 1.40311903 1.45413619 1.3961769  1.45266868 1.51986932
 1.26612028 1.31347064 1.41106096 1.83450589]",[1. 1. 1. 1. 1. 1. 1. 1. 1. 1.],"[0.3684093  0.39240859 0.36792526 0.36662368 0.37323997 0.39272088
 0.31300505 0.31002581 0.34776018 0.53967191]",[0. 0. 0. 0. 0. 0. 0. 0. 0. 0.]
1.9000000000000004,0.4,[0.949 1.111 1.071 1.148 1.086 1.038 0.966 1.137 1.018 0.906],[1.86 2.2  2.3  2.19 2.16 2.18 1.93 2.32 2.22 2.06],[1. 1. 1. 1. 1. 1. 1. 1. 1. 1.],"[1.15305503 1.4472352  1.39661232 1.42155823 1.34580283 1.39237984
 1.15050662 1.46545444 1.3177756  1.17750236]",[1. 1. 1. 1. 1. 1. 1. 1. 1. 1.],"[0.1978353  0.31956919 0.33638771 0.32050355 0.30150717 0.30068124
 0.20269412 0.34232212 0.31529819 0.25608635]",[0. 0. 0. 0. 0. 0. 0. 0. 0. 0.]
1.9000000000000004,0.45,[1.178 1.187 1.168 0.889 1.285 1.049 1.051 1.186 1.232 1.107],[2.27 2.26 2.42 1.99 2.38 2.15 2.25 2.12 2.45 2.2 ],[1. 1. 1. 1. 1. 1. 1. 1. 1. 1.],"[1.50655269 1.517971   1.56312533 1.15916459 1.69794005 1.34213881
 1.40351134 1.39258971 1.60534272 1.47980545]",[1. 1. 1. 1. 1. 1. 1. 1. 1. 1.],"[0.34625972 0.32569073 0.36718783 0.24710099 0.39617003 0.29825209
 0.331416   0.30189574 0.36959077 0.30562821]",[0. 0. 0. 0. 0. 0. 0. 0. 0. 0.]
2.0000000000000004,0.05,[0.175 0.239 0.256 0.174 0.183 0.164 0.209 0.185 0.274 0.196],[1.81 1.91 2.31 2.27 2.02 2.01 2.15 2.   2.32 1.84],[1. 1. 1. 1. 1. 1. 1. 1. 1. 1.],"[0.32460656 0.506726   0.64145275 0.50966443 0.41287814 0.47807943
 0.52827332 0.46520507 0.64157649 0.44169314]",[0. 0. 0. 0. 0. 0. 0. 0. 0. 0.],"[0.15167199 0.28480889 0.37674328 0.32827038 0.23602756 0.30335775
 0.32186707 0.28173339 0.38936458 0.23385379]",[0. 0. 0. 0. 0. 0. 0. 0. 0. 0.]
2.0000000000000004,0.1,[0.5   0.434 0.362 0.389 0.357 0.449 0.355 0.342 0.392 0.402],[2.31 2.46 2.09 2.02 1.76 2.27 2.24 1.98 2.2  2.25],[1. 1. 1. 1. 1. 1. 1. 1. 1. 1.],"[0.93198556 0.90600863 0.68908627 0.6847183  0.557657   0.80123121
 0.77662095 0.62722272 0.73713696 0.7484947 ]",[0. 0. 0. 0. 0. 0. 0. 0. 0. 0.],"[0.47780892 0.47994967 0.34837338 0.30736479 0.19049392 0.37248121
 0.42833665 0.30568097 0.34243726 0.37605818]",[0. 0. 0. 0. 0. 0. 0. 0. 0. 0.]
2.0000000000000004,0.15000000000000002,[0.52  0.528 0.737 0.759 0.516 0.557 0.494 0.497 0.576 0.56 ],[2.27 2.2  2.6  2.64 2.23 2.19 2.03 1.78 1.9  2.28],[1. 1. 1. 1. 1. 1. 1. 1. 1. 1.],"[0.9295862  0.90171952 1.28443057 1.28772792 0.92790261 0.95214833
 0.78960827 0.70613138 0.80110915 1.02010906]",[0.  0.  0.  0.5 0.  0.  0.  0.  0.  0. ],"[0.385553   0.39244217 0.56869571 0.574891   0.39956765 0.36282216
 0.33976269 0.20234232 0.26715895 0.46701336]",[0. 0. 0. 0. 0. 0. 0. 0. 0. 0.]
2.0000000000000004,0.2,[0.612 0.49  0.471 0.6   0.591 0.596 0.739 0.62  0.692 0.676],[1.97 1.93 1.61 2.16 1.97 1.78 2.13 1.95 2.29 2.07],[1. 1. 1. 1. 1. 1. 1. 1. 1. 1.],"[0.87532542 0.76329856 0.70004144 0.99600341 0.81728985 0.8431176
 1.07689666 0.86096597 1.20341243 0.99873152]",[0. 0. 0. 0. 0. 0. 1. 0. 0. 0.],"[0.277718   0.25634544 0.20443109 0.37555175 0.23640117 0.23515862
 0.36316619 0.27356851 0.49172847 0.32804792]",[0. 0. 0. 0. 0. 0. 0. 0. 0. 0.]
2.0000000000000004,0.25,[0.914 0.77  0.805 0.59  0.64  1.051 0.716 0.915 0.786 0.925],[2.33 2.2  2.1  1.56 1.93 2.67 2.2  2.44 2.06 2.29],[1. 1. 1. 1. 1. 1. 1. 1. 1. 1.],"[1.33543836 1.10303795 1.11898214 0.69340131 0.89282744 1.57271971
 1.11329208 1.38405413 1.08580318 1.28530868]",[1. 1. 1. 1. 0. 1. 0. 1. 1. 1.],"[0.45341321 0.33114342 0.33026144 0.11390912 0.24157744 0.53263426
 0.37046249 0.47362139 0.30482906 0.35860702]",[0. 0. 0. 0. 0. 0. 0. 0. 0. 0.]
2.0000000000000004,0.3,[0.845 0.867 0.799 0.919 0.809 0.953 0.903 0.919 0.907 0.681],[2.   1.91 1.87 2.26 2.11 2.25 2.17 2.18 2.13 1.85],[1. 1. 1. 1. 1. 1. 1. 1. 1. 1.],"[1.09904816 1.09236257 1.01863927 1.28567352 1.171899   1.30633301
 1.26260976 1.22106379 1.23640767 0.95150005]",[1.  1.  1.  1.  1.  1.  1.  1.  1.  0.5],"[0.26814972 0.22985281 0.23014317 0.38140411 0.3242281  0.35523193
 0.35570058 0.31344965 0.31312642 0.2479063 ]",[0. 0. 0. 0. 0. 0. 0. 0. 0. 0.]
2.0000000000000004,0.35000000000000003,[0.963 1.12  0.725 0.983 1.168 0.955 0.98  0.874 0.846 0.955],[1.91 2.5  1.86 2.12 2.56 2.07 2.21 2.21 1.96 2.07],[1. 1. 1. 1. 1. 1. 1. 1. 1. 1.],"[1.21175279 1.5272316  1.0007674  1.26679944 1.65444852 1.20094241
 1.32286517 1.29845011 1.08658233 1.20800132]",[1. 1. 1. 1. 1. 1. 1. 1. 1. 1.],"[0.26122545 0.43812393 0.20774006 0.29598889 0.46266263 0.26251468
 0.31164447 0.34855021 0.22900421 0.28297447]",[0. 0. 0. 0. 0. 0. 0. 0. 0. 0.]
2.0000000000000004,0.4,[0.819 1.066 1.125 0.987 0.858 0.924 1.005 0.949 0.946 1.068],[1.71 2.25 2.43 2.   1.91 1.92 2.22 1.92 1.95 2.2 ],[1. 1. 1. 1. 1. 1. 1. 1. 1. 1.],"[0.97745629 1.37629198 1.53969643 1.20722482 1.12151721 1.13261128
 1.36152136 1.17022482 1.16380485 1.36856147]",[1. 1. 1. 1. 1. 1. 1. 1. 1. 1.],"[0.19147973 0.32813524 0.3803141  0.2525715  0.23161975 0.21622456
 0.3239823  0.23350546 0.22497673 0.29501899]",[0. 0. 0. 0. 0. 0. 0. 0. 0. 0.]
2.0000000000000004,0.45,[1.082 1.3   1.081 1.003 1.022 0.871 0.975 0.87  0.756 0.895],[2.33 2.71 2.26 1.92 2.13 1.61 1.94 1.94 1.53 1.89],[1. 2. 1. 1. 1. 1. 1. 1. 1. 1.],"[1.43869104 1.73216837 1.46432351 1.21894376 1.28268515 0.94877641
 1.22733009 1.08233406 0.84323103 1.1160432 ]",[1. 1. 1. 1. 1. 1. 1. 1. 1. 1.],"[0.33332849 0.44959573 0.3508268  0.22633634 0.28535971 0.11690141
 0.23383888 0.20061531 0.09776228 0.21576977]",[0. 0. 0. 0. 0. 0. 0. 0. 0. 0.]
2.1000000000000005,0.05,[0.163 0.243 0.219 0.16  0.211 0.18  0.152 0.171 0.235 0.18 ],[1.53 2.29 1.85 1.62 2.05 1.79 2.15 1.92 2.05 2.11],[1. 1. 1. 1. 1. 1. 1. 1. 1. 1.],"[0.23635339 0.57089599 0.46929685 0.33326503 0.44398643 0.3394549
 0.50727269 0.43890853 0.56794168 0.49035246]",[0. 0. 0. 0. 0. 0. 0. 0. 0. 0.],"[0.07385339 0.34395263 0.23844968 0.16902187 0.23461143 0.1597674
 0.32970739 0.26699447 0.33450113 0.32591887]",[0. 0. 0. 0. 0. 0. 0. 0. 0. 0.]
2.1000000000000005,0.1,[0.315 0.336 0.323 0.34  0.306 0.358 0.318 0.258 0.272 0.334],[1.79 2.1  2.3  1.83 1.79 1.91 1.93 1.84 1.61 1.87],[1. 1. 1. 1. 1. 1. 1. 1. 1. 1.],"[0.53690457 0.71193097 0.76224486 0.59108984 0.49420932 0.60819857
 0.57788817 0.50731487 0.38148351 0.56742403]",[0. 0. 0. 0. 0. 0. 0. 0. 0. 0.],"[0.23324002 0.36414105 0.42528441 0.24927344 0.16596714 0.24644076
 0.28711669 0.22759807 0.11304601 0.22072481]",[0. 0. 0. 0. 0. 0. 0. 0. 0. 0.]
2.1000000000000005,0.15000000000000002,[0.547 0.402 0.436 0.49  0.658 0.49  0.433 0.522 0.598 0.559],[2.31 1.63 1.9  2.05 2.55 1.97 1.77 1.96 2.19 1.99],[1. 1. 1. 1. 1. 1. 1. 1. 1. 1.],"[1.02261155 0.5764677  0.69225647 0.81016755 1.18868645 0.77819868
 0.6049327  0.80067271 0.9968726  0.7663101 ]",[0. 0. 0. 0. 0. 0. 0. 0. 0. 0.],"[0.47959642 0.15763957 0.25574768 0.33149811 0.53687981 0.28558394
 0.17508895 0.27856334 0.40683354 0.2598599 ]",[0. 0. 0. 0. 0. 0. 0. 0. 0. 0.]
2.1000000000000005,0.2,[0.636 0.569 0.633 0.666 0.673 0.564 0.649 0.507 0.626 0.755],[1.94 1.79 1.99 1.86 2.07 1.99 2.04 1.7  2.09 2.13],[1. 1. 1. 1. 1. 1. 1. 1. 1. 1.],"[0.89387458 0.77894097 0.91987447 0.91195343 1.01411472 0.98664282
 0.99367623 0.75294122 1.00083776 1.05294163]",[0.  0.  0.  0.5 0.  0.  0.  0.  0.  0. ],"[0.28317634 0.18894097 0.2860024  0.26934601 0.35159275 0.36659094
 0.32097115 0.21145685 0.358458   0.33690647]",[0. 0. 0. 0. 0. 0. 0. 0. 0. 0.]
2.1000000000000005,0.25,[0.817 0.596 0.699 0.656 0.735 0.798 0.832 0.771 0.686 0.707],[2.24 1.65 2.08 1.92 1.96 1.98 2.17 2.01 1.98 1.96],[1. 1. 1. 1. 1. 1. 1. 1. 1. 1.],"[1.24171708 0.72236098 1.02725988 0.81162254 0.94403814 1.03431653
 1.18651618 1.05666063 0.98775523 0.99626753]",[0.  0.  1.  0.  1.  1.  1.  1.  0.5 0. ],"[0.40163163 0.16072035 0.30142003 0.20370262 0.2518897  0.28052747
 0.35991706 0.28300096 0.27108531 0.29401228]",[0. 0. 0. 0. 0. 0. 0. 0. 0. 0.]
2.1000000000000005,0.3,[1.09  0.929 0.797 0.74  0.741 0.84  0.758 0.977 0.774 0.967],[2.28 2.06 1.84 1.88 2.03 2.18 1.87 2.24 1.9  2.2 ],[1. 1. 1. 1. 1. 1. 1. 1. 1. 1.],"[1.44459561 1.20617269 0.99563921 0.94883238 1.09375281 1.20772975
 0.96143998 1.33967124 1.00351477 1.28068461]",[1.  1.  1.  0.5 1.  1.  1.  1.  1.  1. ],"[0.36967556 0.27384847 0.22706499 0.22809019 0.31552039 0.32488917
 0.19440873 0.37970786 0.24115148 0.34474467]",[0. 0. 0. 0. 0. 0. 0. 0. 0. 0.]
2.1000000000000005,0.35000000000000003,[0.966 0.912 0.666 0.918 1.066 1.052 0.866 0.868 0.88  0.914],[2.16 2.12 1.73 1.96 2.14 2.29 1.76 2.01 2.   2.08],[1. 1. 1. 1. 1. 1. 1. 1. 1. 1.],"[1.35351699 1.23824595 0.84832265 1.1719063  1.31611178 1.43616584
 0.97903534 1.1936929  1.1877507  1.22757974]",[1.  1.  0.5 1.  1.  1.  1.  1.  1.  1. ],"[0.32943496 0.29439097 0.17474843 0.24607378 0.29525241 0.37991584
 0.16264862 0.29628323 0.2717424  0.29070718]",[0. 0. 0. 0. 0. 0. 0. 0. 0. 0.]
2.1000000000000005,0.4,[0.742 0.908 0.794 0.837 0.874 1.097 1.037 0.986 0.993 0.869],[1.75 1.85 1.81 1.94 1.98 2.2  1.87 2.07 1.91 1.76],[1. 1. 1. 1. 1. 1. 1. 1. 1. 1.],"[0.94810665 1.09596003 0.99095563 1.14593928 1.13069326 1.44398219
 1.25635367 1.20291912 1.17623336 1.03791124]",[1. 1. 1. 1. 1. 1. 1. 1. 1. 1.],"[0.18346309 0.22379206 0.17423688 0.27375178 0.24572256 0.32925502
 0.23811393 0.26145427 0.22614791 0.17946641]",[0. 0. 0. 0. 0. 0. 0. 0. 0. 0.]
2.1000000000000005,0.45,[1.076 0.893 0.908 0.852 0.911 0.829 0.976 1.074 1.184 0.857],[2.06 1.9  1.86 1.83 1.68 1.72 1.96 2.17 2.39 1.73],[1. 1. 1. 1. 1. 1. 1. 1. 1. 1.],"[1.33645088 1.10287701 1.15495857 1.0665372  1.02963191 1.002527
 1.22496769 1.38277253 1.58176407 1.01706472]",[1. 1. 1. 1. 1. 1. 1. 1. 1. 1.],"[0.26624581 0.22588482 0.20332771 0.18935946 0.14904597 0.17686293
 0.2672559  0.30138825 0.35721328 0.16378347]",[0. 0. 0. 0. 0. 0. 0. 0. 0. 0.]
2.2000000000000006,0.05,[0.196 0.178 0.201 0.162 0.18  0.15  0.191 0.182 0.208 0.203],[1.62 1.83 2.24 2.02 2.26 1.69 1.65 2.23 1.87 1.71],[1. 1. 1. 1. 1. 1. 1. 1. 1. 1.],"[0.29942231 0.39177    0.52089147 0.42241068 0.57261164 0.30267377
 0.27468973 0.51806591 0.34240121 0.40426312]",[0. 0. 0. 0. 0. 0. 0. 0. 0. 0.],"[0.11808442 0.22199949 0.33520299 0.26529154 0.39578669 0.14319135
 0.08593973 0.29624951 0.14818246 0.20095013]",[0. 0. 0. 0. 0. 0. 0. 0. 0. 0.]
2.2000000000000006,0.1,[0.269 0.307 0.39  0.352 0.202 0.331 0.305 0.253 0.407 0.244],[1.68 1.88 1.76 2.03 1.95 1.93 1.9  1.68 2.05 1.8 ],[1. 1. 1. 1. 1. 1. 1. 1. 1. 1.],"[0.45847885 0.66462451 0.53921577 0.70441505 0.46396826 0.61361133
 0.53981631 0.44741202 0.73581879 0.51882815]",[0. 0. 0. 0. 0. 0. 0. 0. 0. 0.],"[0.18805892 0.32372912 0.15234077 0.34612159 0.25856055 0.30297657
 0.23559756 0.19437247 0.3496756  0.24918948]",[0. 0. 0. 0. 0. 0. 0. 0. 0. 0.]
2.2000000000000006,0.15000000000000002,[0.413 0.436 0.413 0.463 0.388 0.447 0.376 0.525 0.409 0.65 ],[1.62 1.73 1.65 1.83 1.71 2.08 1.59 1.91 1.86 2.23],[1. 1. 1. 1. 1. 1. 1. 1. 1. 1.],"[0.59305648 0.65060647 0.57758888 0.75437631 0.60437411 0.78371726
 0.55595248 0.76957574 0.64396289 1.03838134]",[0. 0. 0. 0. 0. 0. 0. 0. 0. 1.],"[0.1691893  0.21513772 0.15137794 0.29521859 0.17875399 0.34974997
 0.15591342 0.2815191  0.21978321 0.40193114]",[0. 0. 0. 0. 0. 0. 0. 0. 0. 0.]
2.2000000000000006,0.2,[0.79  0.598 0.63  0.46  0.5   0.638 0.512 0.503 0.541 0.742],[2.06 1.87 2.06 1.68 1.75 1.92 1.5  2.02 1.8  1.91],[1. 1. 1. 1. 1. 1. 1. 1. 1. 1.],"[1.07902515 0.85879038 1.00751358 0.68343113 0.7343166  0.8773621
 0.6179998  0.79902188 0.78890028 1.05236743]",[1. 0. 0. 0. 0. 0. 0. 0. 0. 1.],"[0.28080005 0.28260386 0.34297256 0.17810886 0.21558614 0.27389286
 0.11962089 0.26812344 0.21993543 0.30128039]",[0. 0. 0. 0. 0. 0. 0. 0. 0. 0.]
2.2000000000000006,0.25,[0.645 0.851 0.719 0.482 0.797 0.628 0.689 0.592 0.782 0.815],[1.8  2.12 1.84 1.53 1.73 1.8  1.71 1.57 1.83 2.01],[1. 1. 1. 1. 1. 1. 1. 1. 1. 1.],"[0.82596535 1.20206913 0.94049674 0.5980777  0.8994081  0.78279387
 0.85904286 0.73445647 0.93685645 1.12730783]",[0. 1. 1. 0. 1. 0. 0. 1. 1. 1.],"[0.22478371 0.35150761 0.21685172 0.12949128 0.18952529 0.19194426
 0.23311512 0.12008147 0.21486427 0.3322529 ]",[0. 0. 0. 0. 0. 0. 0. 0. 0. 0.]
2.2000000000000006,0.3,[0.853 0.757 0.643 0.864 0.823 0.833 0.644 0.946 0.754 0.664],[2.02 1.6  1.79 2.07 2.18 1.94 1.61 2.   1.86 1.58],[1. 1. 1. 1. 1. 1. 1. 1. 1. 1.],"[1.14609247 0.87950185 0.90924479 1.1553623  1.19601505 1.06025634
 0.78518099 1.1990987  0.92782826 0.78431316]",[1. 1. 0. 1. 1. 1. 1. 1. 1. 1.],"[0.29409296 0.1440331  0.21958659 0.27755957 0.3231049  0.23672118
 0.13705599 0.28622761 0.21481617 0.12446941]",[0. 0. 0. 0. 0. 0. 0. 0. 0. 0.]
2.2000000000000006,0.35000000000000003,[0.744 0.84  0.782 0.782 0.9   0.875 0.836 0.689 0.83  0.9  ],[1.63 1.87 1.68 1.92 1.78 1.68 1.74 1.76 1.79 1.79],[1. 1. 1. 1. 1. 1. 1. 1. 1. 1.],"[0.86823728 1.03860934 0.99659802 1.0422965  1.03242117 1.04038371
 0.97651039 0.87995174 1.01388204 1.0497942 ]",[1. 1. 1. 1. 1. 1. 1. 1. 1. 1.],"[0.14104978 0.21737155 0.17587293 0.24438634 0.18574637 0.15692668
 0.15885414 0.16881893 0.18733908 0.19676441]",[0. 0. 0. 0. 0. 0. 0. 0. 0. 0.]
2.2000000000000006,0.4,[0.519 1.094 0.859 0.872 0.847 0.759 0.87  0.871 0.796 0.935],[1.45 2.1  1.81 1.87 1.77 1.7  1.72 1.88 1.61 2.08],[1. 1. 1. 1. 1. 1. 1. 1. 1. 1.],"[0.62520145 1.35482883 1.06030064 1.07690099 0.99042734 0.92779461
 1.03293359 1.08858972 0.94206018 1.20790096]",[0. 1. 1. 1. 1. 1. 1. 1. 1. 1.],"[0.0800452  0.30360874 0.18555943 0.22554845 0.17214609 0.16716961
 0.17667383 0.21376794 0.13427698 0.29662654]",[0. 0. 0. 0. 0. 0. 0. 0. 0. 0.]
2.2000000000000006,0.45,[0.713 0.784 0.919 0.967 0.843 1.138 0.82  0.794 1.026 0.955],[1.49 1.55 1.77 1.99 1.86 2.24 1.55 1.65 2.   1.89],[1. 1. 1. 1. 1. 1. 1. 1. 1. 1.],"[0.81423698 0.89802003 1.07391109 1.24378855 1.06137169 1.44206006
 0.96077235 0.96047533 1.25879648 1.12621283]",[1. 1. 1. 1. 1. 1. 1. 1. 1. 1.],"[0.08798698 0.12259766 0.15336421 0.27222544 0.2168795  0.3415791
 0.10858485 0.12797533 0.24071054 0.20962103]",[0. 0. 0. 0. 0. 0. 0. 0. 0. 0.]
2.3000000000000007,0.05,[0.168 0.088 0.156 0.177 0.19  0.183 0.142 0.157 0.181 0.132],[1.67 1.44 1.81 1.89 1.68 1.67 1.84 1.67 1.89 1.67],[1. 1. 1. 1. 1. 1. 1. 1. 1. 1.],"[0.32743113 0.14832547 0.29350433 0.37838509 0.33637926 0.36449992
 0.31919813 0.30143919 0.43807874 0.21898489]",[0. 0. 0. 0. 0. 0. 0. 0. 0. 0.],"[0.14560496 0.06207547 0.13784271 0.20706673 0.12841051 0.17344524
 0.18951063 0.14521848 0.2577345  0.10306692]",[0. 0. 0. 0. 0. 0. 0. 0. 0. 0.]
2.3000000000000007,0.1,[0.383 0.273 0.248 0.321 0.335 0.36  0.26  0.223 0.428 0.39 ],[1.84 1.81 1.55 1.68 1.83 1.58 1.53 1.22 2.19 1.99],[1. 1. 1. 1. 1. 1. 1. 1. 1. 1.],"[0.63803351 0.45863606 0.38636464 0.53172938 0.60341136 0.51295365
 0.38802158 0.26771859 0.83393482 0.6872966 ]",[0. 0. 0. 0. 0. 0. 0. 0. 0. 0.],"[0.25703985 0.18125569 0.12152089 0.17258876 0.26621898 0.15630326
 0.13227939 0.04021859 0.40901416 0.29404464]",[0. 0. 0. 0. 0. 0. 0. 0. 0. 0.]
2.3000000000000007,0.15000000000000002,[0.392 0.486 0.531 0.494 0.423 0.345 0.41  0.378 0.373 0.534],[1.8  2.   2.15 1.91 1.8  1.46 1.54 1.44 1.61 1.82],[1. 1. 1. 1. 1. 1. 1. 1. 1. 1.],"[0.62908854 0.79903087 0.90114987 0.81090136 0.69484509 0.44795796
 0.50327053 0.45763859 0.51049273 0.71751328]",[0. 0. 0. 0. 0. 0. 0. 0. 0. 0.],"[0.23377604 0.31564586 0.35958981 0.31783618 0.26396924 0.08733296
 0.11313381 0.09263859 0.13795367 0.23052841]",[0. 0. 0. 0. 0. 0. 0. 0. 0. 0.]
2.3000000000000007,0.2,[0.692 0.496 0.548 0.696 0.578 0.47  0.522 0.58  0.484 0.469],[2.22 1.63 1.56 1.96 1.87 1.68 1.65 1.84 1.52 1.59],[1. 1. 1. 1. 1. 1. 1. 1. 1. 1.],"[1.11632571 0.68282064 0.69321265 0.97518969 0.83536871 0.6416798
 0.70541316 0.81947733 0.5491802  0.60643207]",[0. 0. 0. 0. 0. 0. 0. 0. 0. 0.],"[0.44032046 0.16215658 0.14287085 0.32025073 0.26756109 0.16222668
 0.17278621 0.25235819 0.08152395 0.17261127]",[0. 0. 0. 0. 0. 0. 0. 0. 0. 0.]
2.3000000000000007,0.25,[0.713 0.633 0.534 0.613 0.551 0.634 0.662 0.57  0.405 0.808],[1.86 1.6  1.82 1.93 1.68 1.99 1.73 1.52 1.47 2.11],[1. 1. 1. 1. 1. 1. 1. 1. 1. 1.],"[0.87724    0.72151605 0.79916795 0.89264783 0.75602089 0.94579984
 0.85551837 0.66322507 0.54203045 1.20912809]",[1. 0. 0. 0. 0. 0. 0. 0. 0. 1.],"[0.21337282 0.1329223  0.24076463 0.25744276 0.18101112 0.28234281
 0.2111336  0.12010007 0.1178117  0.38863126]",[0. 0. 0. 0. 0. 0. 0. 0. 0. 0.]
2.3000000000000007,0.3,[0.604 0.716 0.703 0.907 0.682 0.739 0.697 0.688 0.805 0.706],[1.41 1.69 1.69 1.9  1.61 1.65 1.69 1.58 1.69 1.71],[1. 1. 1. 1. 1. 1. 1. 1. 1. 1.],"[0.68748562 0.87679002 0.90831717 1.12596116 0.8504459  0.8503151
 0.88054844 0.73785032 0.97960996 0.9175258 ]",[1.  1.  1.  1.  1.  1.  1.  0.5 1.  1. ],"[0.08764187 0.18586717 0.17284842 0.23976731 0.15951817 0.1203151
 0.18417149 0.13222532 0.18486386 0.19737931]",[0. 0. 0. 0. 0. 0. 0. 0. 0. 0.]
2.3000000000000007,0.35000000000000003,[0.938 0.82  0.782 0.776 0.619 0.963 0.945 0.81  0.801 0.637],[2.1  1.89 1.62 1.79 1.45 1.75 1.88 1.87 1.78 1.43],[1. 1. 1. 1. 1. 1. 1. 1. 1. 1.],"[1.2107411  1.09722784 0.90764446 1.02213646 0.67737649 1.17120213
 1.16016935 1.05160484 1.03599293 0.72734225]",[1. 1. 1. 1. 1. 1. 1. 1. 1. 1.],"[0.28880263 0.25880133 0.16594525 0.20783959 0.07925149 0.19859959
 0.2273837  0.20797203 0.21605152 0.09171725]",[0. 0. 0. 0. 0. 0. 0. 0. 0. 0.]
2.3000000000000007,0.4,[0.709 0.862 0.857 0.897 1.144 0.915 0.824 0.851 0.892 0.642],[1.57 1.76 1.77 1.72 2.18 2.05 1.91 1.72 1.84 1.39],[1. 1. 1. 1. 1. 1. 1. 1. 1. 1.],"[0.87935917 0.9802934  1.06036746 1.04526933 1.39107923 1.20845208
 1.07870795 1.01001791 1.05804882 0.69515625]",[1. 1. 1. 1. 1. 1. 1. 1. 1. 1.],"[0.13334355 0.17294965 0.19607058 0.17205644 0.31747083 0.28998284
 0.21984076 0.17392721 0.20171093 0.05890625]",[0. 0. 0. 0. 0. 0. 0. 0. 0. 0.]
2.3000000000000007,0.45,[0.838 0.921 0.917 0.847 0.84  0.752 0.745 0.872 0.932 0.769],[1.6  1.69 1.83 1.67 1.84 1.61 1.6  1.67 1.93 1.64],[1. 1. 1. 1. 1. 1. 1. 1. 1. 1.],"[0.94189081 1.06389232 1.06917626 0.98094128 1.13806831 0.90807076
 0.90308276 1.00252649 1.16286814 0.9310234 ]",[1. 1. 1. 1. 1. 1. 1. 1. 1. 1.],"[0.14618769 0.15891185 0.20273583 0.1501405  0.24673774 0.13025826
 0.12014331 0.15913782 0.2202949  0.14838119]",[0. 0. 0. 0. 0. 0. 0. 0. 0. 0.]
2.400000000000001,0.05,[0.216 0.127 0.118 0.176 0.168 0.179 0.148 0.119 0.156 0.142],[1.59 1.62 1.48 1.46 1.67 1.62 1.77 1.41 1.78 1.59],[1. 1. 1. 1. 1. 1. 1. 1. 1. 1.],"[0.3816902  0.31104291 0.24375065 0.20453125 0.328268   0.25513624
 0.3227291  0.19272807 0.33833567 0.20716812]",[0. 0. 0. 0. 0. 0. 0. 0. 0. 0.],"[0.17400709 0.18152142 0.10808658 0.03953125 0.14420305 0.09247999
 0.17584434 0.07413432 0.1751301  0.06123062]",[0. 0. 0. 0. 0. 0. 0. 0. 0. 0.]
2.400000000000001,0.1,[0.294 0.318 0.285 0.382 0.415 0.338 0.216 0.364 0.31  0.358],[1.52 1.6  1.74 1.82 1.93 1.73 1.74 1.55 1.54 1.76],[1. 1. 1. 1. 1. 1. 1. 1. 1. 1.],"[0.34756745 0.47747485 0.51182519 0.57655985 0.66678617 0.56312879
 0.43319038 0.53660321 0.4035625  0.55521648]",[0. 0. 0. 0. 0. 0. 0. 0. 0. 0.],"[0.08350495 0.16640063 0.1989663  0.1992161  0.26417875 0.19552869
 0.20123481 0.16809735 0.1023125  0.21762859]",[0. 0. 0. 0. 0. 0. 0. 0. 0. 0.]
2.400000000000001,0.15000000000000002,[0.417 0.343 0.403 0.387 0.404 0.449 0.345 0.471 0.521 0.35 ],[1.71 1.42 1.66 1.45 1.53 1.75 1.6  1.81 1.74 1.5 ],[1. 1. 1. 1. 1. 1. 1. 1. 1. 1.],"[0.62598596 0.42911684 0.63604788 0.49495132 0.52384508 0.68023408
 0.50234794 0.67572883 0.7263124  0.45253125]",[0. 0. 0. 0. 0. 0. 0. 0. 0. 0.],"[0.19296838 0.09927309 0.18659475 0.10323257 0.11993883 0.20790009
 0.12734794 0.19616096 0.23835342 0.08565625]",[0. 0. 0. 0. 0. 0. 0. 0. 0. 0.]
2.400000000000001,0.2,[0.508 0.592 0.601 0.615 0.446 0.436 0.441 0.664 0.703 0.504],[1.49 1.81 1.91 1.77 1.58 1.43 1.63 2.12 1.99 1.67],[1. 1. 1. 1. 1. 1. 1. 1. 1. 1.],"[0.67540816 0.79151538 0.83082461 0.83574148 0.5719228  0.54863924
 0.63429213 1.08804505 0.99566998 0.66931164]",[0. 0. 0. 1. 0. 0. 0. 0. 1. 0.],"[0.14572066 0.20729663 0.25446719 0.18513602 0.14265522 0.10910799
 0.20037123 0.41543336 0.2795567  0.15493664]",[0. 0. 0. 0. 0. 0. 0. 0. 0. 0.]
2.400000000000001,0.25,[0.624 0.535 0.711 0.731 0.612 0.623 0.516 0.535 0.684 0.565],[1.78 1.61 1.8  1.81 1.48 1.61 1.56 1.42 1.87 1.75],[1. 1. 1. 1. 1. 1. 1. 1. 1. 1.],"[0.85626338 0.66949952 0.92066208 0.90715574 0.7010424  0.75305381
 0.6700429  0.60686766 0.93888827 0.83778835]",[0. 0. 1. 1. 0. 1. 0. 0. 1. 0.],"[0.23592158 0.15285889 0.22430466 0.20628904 0.10565178 0.12821006
 0.1459804  0.09638914 0.25031649 0.2188235 ]",[0. 0. 0. 0. 0. 0. 0. 0. 0. 0.]
2.400000000000001,0.3,[0.718 0.622 0.605 0.82  0.73  0.703 0.638 0.705 0.684 0.744],[1.56 1.49 1.54 1.91 1.69 1.67 1.48 1.7  1.64 1.51],[1. 1. 1. 1. 1. 1. 1. 1. 1. 1.],"[0.80239502 0.74216552 0.71820044 1.10012366 0.89306048 0.89287376
 0.76586282 0.91002373 0.88559817 0.87107186]",[1. 1. 0. 1. 1. 1. 1. 1. 1. 1.],"[0.11770752 0.11779052 0.1347605  0.25875648 0.19076556 0.18111595
 0.12504251 0.17060967 0.16110598 0.11157968]",[0. 0. 0. 0. 0. 0. 0. 0. 0. 0.]
2.400000000000001,0.35000000000000003,[0.764 0.738 0.727 0.62  0.913 0.681 0.782 0.61  0.868 0.763],[1.6  1.66 1.6  1.49 2.03 1.53 1.95 1.47 1.92 1.71],[1. 1. 1. 1. 1. 1. 1. 1. 1. 1.],"[0.94297013 0.94333967 0.83310121 0.78296042 1.24408368 0.79868355
 1.1124271  0.70597442 1.16812471 0.97393146]",[1.  1.  1.  1.  1.  1.  1.  0.5 1.  1. ],"[0.15168107 0.15872052 0.1285309  0.10174948 0.29586102 0.1257148
 0.26420445 0.10141388 0.24254854 0.1869759 ]",[0. 0. 0. 0. 0. 0. 0. 0. 0. 0.]
2.400000000000001,0.4,[0.889 0.788 0.762 0.816 0.962 0.751 0.723 0.885 0.814 0.765],[2.03 1.69 1.66 1.56 1.77 1.53 1.81 1.75 1.69 1.62],[1. 1. 1. 1. 1. 1. 1. 1. 1. 1.],"[1.1990378  0.959432   0.95855867 0.94886772 1.12790378 0.88493195
 0.93872038 1.07102224 0.96659496 0.90000245]",[1. 1. 1. 1. 1. 1. 0. 1. 1. 1.],"[0.27267305 0.1779989  0.16817782 0.13265923 0.19785495 0.1050882
 0.21860808 0.19714589 0.17472973 0.14171143]",[0. 0. 0. 0. 0. 0. 0. 0. 0. 0.]
2.400000000000001,0.45,[0.941 0.809 0.845 0.831 0.773 0.841 0.809 0.825 0.64  1.15 ],[1.93 1.57 1.73 1.74 1.64 1.66 1.47 1.76 1.39 2.2 ],[1. 1. 1. 1. 1. 1. 1. 1. 1. 1.],"[1.21250886 0.89951042 1.00893225 0.99690487 0.96026421 1.0033074
 0.8686849  1.03342018 0.70829427 1.45121274]",[1. 1. 1. 1. 1. 1. 1. 1. 1. 1.],"[0.25450959 0.10997917 0.17279943 0.19217586 0.14768609 0.14088552
 0.0930599  0.16697486 0.07516927 0.33905698]",[0. 0. 0. 0. 0. 0. 0. 0. 0. 0.]
